model	num_x	num_r	num_p	p_n	p_l	p_q	p_p	p_e	p_L	p_Q	p_P	p_E	p_o	combinations
{Bachmann_MSB2011}	25	34	108	0	1	0.029411764705882353	0	0	0.20588235294117646	0	0	0	0	1_1_08_06
{Bachmann_MSB2011}	25	34	108	0	1	0.029411764705882353	0	0	0.20588235294117646	0	0	0	0	1_1_10_14
{Bachmann_MSB2011}	25	34	108	0	1	0.029411764705882353	0	0	0.20588235294117646	0	0	0	0	1_1_12_10
{Bachmann_MSB2011}	25	34	108	0	1	0.029411764705882353	0	0	0.20588235294117646	0	0	0	0	1_1_16_08
{Bachmann_MSB2011}	25	34	108	0	1	0.029411764705882353	0	0	0.20588235294117646	0	0	0	0	1_6_08_06
{Bachmann_MSB2011}	25	34	108	0	1	0.029411764705882353	0	0	0.20588235294117646	0	0	0	0	1_6_10_14
{Bachmann_MSB2011}	25	34	108	0	1	0.029411764705882353	0	0	0.20588235294117646	0	0	0	0	1_6_12_10
{Bachmann_MSB2011}	25	34	108	0	1	0.029411764705882353	0	0	0.20588235294117646	0	0	0	0	1_6_16_08
{Bachmann_MSB2011}	25	34	108	0	1	0.029411764705882353	0	0	0.20588235294117646	0	0	0	0	1_7_08_06
{Bachmann_MSB2011}	25	34	108	0	1	0.029411764705882353	0	0	0.20588235294117646	0	0	0	0	1_7_10_14
{Bachmann_MSB2011}	25	34	108	0	1	0.029411764705882353	0	0	0.20588235294117646	0	0	0	0	1_7_12_10
{Bachmann_MSB2011}	25	34	108	0	1	0.029411764705882353	0	0	0.20588235294117646	0	0	0	0	1_7_16_08
{Bachmann_MSB2011}	25	34	108	0	1	0.029411764705882353	0	0	0.20588235294117646	0	0	0	0	1_8_08_06
{Bachmann_MSB2011}	25	34	108	0	1	0.029411764705882353	0	0	0.20588235294117646	0	0	0	0	1_8_10_14
{Bachmann_MSB2011}	25	34	108	0	1	0.029411764705882353	0	0	0.20588235294117646	0	0	0	0	1_8_12_10
{Bachmann_MSB2011}	25	34	108	0	1	0.029411764705882353	0	0	0.20588235294117646	0	0	0	0	1_8_16_08
{Bachmann_MSB2011}	25	34	108	0	1	0.029411764705882353	0	0	0.20588235294117646	0	0	0	0	1_9_08_06
{Bachmann_MSB2011}	25	34	108	0	1	0.029411764705882353	0	0	0.20588235294117646	0	0	0	0	1_9_10_14
{Bachmann_MSB2011}	25	34	108	0	1	0.029411764705882353	0	0	0.20588235294117646	0	0	0	0	1_9_12_10
{Bachmann_MSB2011}	25	34	108	0	1	0.029411764705882353	0	0	0.20588235294117646	0	0	0	0	1_9_16_08
{Bachmann_MSB2011}	25	34	108	0	1	0.029411764705882353	0	0	0.20588235294117646	0	0	0	0	2_1_08_06
{Bachmann_MSB2011}	25	34	108	0	1	0.029411764705882353	0	0	0.20588235294117646	0	0	0	0	2_1_10_14
{Bachmann_MSB2011}	25	34	108	0	1	0.029411764705882353	0	0	0.20588235294117646	0	0	0	0	2_1_12_10
{Bachmann_MSB2011}	25	34	108	0	1	0.029411764705882353	0	0	0.20588235294117646	0	0	0	0	2_1_16_08
{Bachmann_MSB2011}	25	34	108	0	1	0.029411764705882353	0	0	0.20588235294117646	0	0	0	0	2_6_08_06
{Bachmann_MSB2011}	25	34	108	0	1	0.029411764705882353	0	0	0.20588235294117646	0	0	0	0	2_6_10_14
{Bachmann_MSB2011}	25	34	108	0	1	0.029411764705882353	0	0	0.20588235294117646	0	0	0	0	2_6_12_10
{Bachmann_MSB2011}	25	34	108	0	1	0.029411764705882353	0	0	0.20588235294117646	0	0	0	0	2_6_16_08
{Bachmann_MSB2011}	25	34	108	0	1	0.029411764705882353	0	0	0.20588235294117646	0	0	0	0	2_7_08_06
{Bachmann_MSB2011}	25	34	108	0	1	0.029411764705882353	0	0	0.20588235294117646	0	0	0	0	2_7_10_14
{Bachmann_MSB2011}	25	34	108	0	1	0.029411764705882353	0	0	0.20588235294117646	0	0	0	0	2_7_12_10
{Bachmann_MSB2011}	25	34	108	0	1	0.029411764705882353	0	0	0.20588235294117646	0	0	0	0	2_7_16_08
{Bachmann_MSB2011}	25	34	108	0	1	0.029411764705882353	0	0	0.20588235294117646	0	0	0	0	2_8_08_06
{Bachmann_MSB2011}	25	34	108	0	1	0.029411764705882353	0	0	0.20588235294117646	0	0	0	0	2_8_10_14
{Bachmann_MSB2011}	25	34	108	0	1	0.029411764705882353	0	0	0.20588235294117646	0	0	0	0	2_8_12_10
{Bachmann_MSB2011}	25	34	108	0	1	0.029411764705882353	0	0	0.20588235294117646	0	0	0	0	2_8_16_08
{Bachmann_MSB2011}	25	34	108	0	1	0.029411764705882353	0	0	0.20588235294117646	0	0	0	0	2_9_08_06
{Bachmann_MSB2011}	25	34	108	0	1	0.029411764705882353	0	0	0.20588235294117646	0	0	0	0	2_9_10_14
{Bachmann_MSB2011}	25	34	108	0	1	0.029411764705882353	0	0	0.20588235294117646	0	0	0	0	2_9_12_10
{Bachmann_MSB2011}	25	34	108	0	1	0.029411764705882353	0	0	0.20588235294117646	0	0	0	0	2_9_16_08
{Becker_Science2010}	6	8	27	0.125	0.875	0	0	0	0	0	0	0	0	1_1_08_06
{Becker_Science2010}	6	8	27	0.125	0.875	0	0	0	0	0	0	0	0	1_1_10_14
{Becker_Science2010}	6	8	27	0.125	0.875	0	0	0	0	0	0	0	0	1_1_12_10
{Becker_Science2010}	6	8	27	0.125	0.875	0	0	0	0	0	0	0	0	1_1_16_08
{Becker_Science2010}	6	8	27	0.125	0.875	0	0	0	0	0	0	0	0	1_6_08_06
{Becker_Science2010}	6	8	27	0.125	0.875	0	0	0	0	0	0	0	0	1_6_10_14
{Becker_Science2010}	6	8	27	0.125	0.875	0	0	0	0	0	0	0	0	1_6_12_10
{Becker_Science2010}	6	8	27	0.125	0.875	0	0	0	0	0	0	0	0	1_6_16_08
{Becker_Science2010}	6	8	27	0.125	0.875	0	0	0	0	0	0	0	0	1_7_08_06
{Becker_Science2010}	6	8	27	0.125	0.875	0	0	0	0	0	0	0	0	1_7_10_14
{Becker_Science2010}	6	8	27	0.125	0.875	0	0	0	0	0	0	0	0	1_7_12_10
{Becker_Science2010}	6	8	27	0.125	0.875	0	0	0	0	0	0	0	0	1_7_16_08
{Becker_Science2010}	6	8	27	0.125	0.875	0	0	0	0	0	0	0	0	1_8_08_06
{Becker_Science2010}	6	8	27	0.125	0.875	0	0	0	0	0	0	0	0	1_8_10_14
{Becker_Science2010}	6	8	27	0.125	0.875	0	0	0	0	0	0	0	0	1_8_12_10
{Becker_Science2010}	6	8	27	0.125	0.875	0	0	0	0	0	0	0	0	1_8_16_08
{Becker_Science2010}	6	8	27	0.125	0.875	0	0	0	0	0	0	0	0	1_9_08_06
{Becker_Science2010}	6	8	27	0.125	0.875	0	0	0	0	0	0	0	0	1_9_10_14
{Becker_Science2010}	6	8	27	0.125	0.875	0	0	0	0	0	0	0	0	1_9_12_10
{Becker_Science2010}	6	8	27	0.125	0.875	0	0	0	0	0	0	0	0	1_9_16_08
{Becker_Science2010}	6	8	27	0.125	0.875	0	0	0	0	0	0	0	0	2_1_08_06
{Becker_Science2010}	6	8	27	0.125	0.875	0	0	0	0	0	0	0	0	2_1_10_14
{Becker_Science2010}	6	8	27	0.125	0.875	0	0	0	0	0	0	0	0	2_1_12_10
{Becker_Science2010}	6	8	27	0.125	0.875	0	0	0	0	0	0	0	0	2_1_16_08
{Becker_Science2010}	6	8	27	0.125	0.875	0	0	0	0	0	0	0	0	2_6_08_06
{Becker_Science2010}	6	8	27	0.125	0.875	0	0	0	0	0	0	0	0	2_6_10_14
{Becker_Science2010}	6	8	27	0.125	0.875	0	0	0	0	0	0	0	0	2_6_12_10
{Becker_Science2010}	6	8	27	0.125	0.875	0	0	0	0	0	0	0	0	2_6_16_08
{Becker_Science2010}	6	8	27	0.125	0.875	0	0	0	0	0	0	0	0	2_7_08_06
{Becker_Science2010}	6	8	27	0.125	0.875	0	0	0	0	0	0	0	0	2_7_10_14
{Becker_Science2010}	6	8	27	0.125	0.875	0	0	0	0	0	0	0	0	2_7_12_10
{Becker_Science2010}	6	8	27	0.125	0.875	0	0	0	0	0	0	0	0	2_7_16_08
{Becker_Science2010}	6	8	27	0.125	0.875	0	0	0	0	0	0	0	0	2_8_08_06
{Becker_Science2010}	6	8	27	0.125	0.875	0	0	0	0	0	0	0	0	2_8_10_14
{Becker_Science2010}	6	8	27	0.125	0.875	0	0	0	0	0	0	0	0	2_8_12_10
{Becker_Science2010}	6	8	27	0.125	0.875	0	0	0	0	0	0	0	0	2_8_16_08
{Becker_Science2010}	6	8	27	0.125	0.875	0	0	0	0	0	0	0	0	2_9_08_06
{Becker_Science2010}	6	8	27	0.125	0.875	0	0	0	0	0	0	0	0	2_9_10_14
{Becker_Science2010}	6	8	27	0.125	0.875	0	0	0	0	0	0	0	0	2_9_12_10
{Becker_Science2010}	6	8	27	0.125	0.875	0	0	0	0	0	0	0	0	2_9_16_08
{Becker_Science2010}	2	2	7	0	1	0	0	0	0	0	0	0	0	1_1_08_06
{Becker_Science2010}	2	2	7	0	1	0	0	0	0	0	0	0	0	1_1_10_14
{Becker_Science2010}	2	2	7	0	1	0	0	0	0	0	0	0	0	1_1_12_10
{Becker_Science2010}	2	2	7	0	1	0	0	0	0	0	0	0	0	1_1_16_08
{Becker_Science2010}	2	2	7	0	1	0	0	0	0	0	0	0	0	1_6_08_06
{Becker_Science2010}	2	2	7	0	1	0	0	0	0	0	0	0	0	1_6_10_14
{Becker_Science2010}	2	2	7	0	1	0	0	0	0	0	0	0	0	1_6_12_10
{Becker_Science2010}	2	2	7	0	1	0	0	0	0	0	0	0	0	1_6_16_08
{Becker_Science2010}	2	2	7	0	1	0	0	0	0	0	0	0	0	1_7_08_06
{Becker_Science2010}	2	2	7	0	1	0	0	0	0	0	0	0	0	1_7_10_14
{Becker_Science2010}	2	2	7	0	1	0	0	0	0	0	0	0	0	1_7_12_10
{Becker_Science2010}	2	2	7	0	1	0	0	0	0	0	0	0	0	1_7_16_08
{Becker_Science2010}	2	2	7	0	1	0	0	0	0	0	0	0	0	1_8_08_06
{Becker_Science2010}	2	2	7	0	1	0	0	0	0	0	0	0	0	1_8_10_14
{Becker_Science2010}	2	2	7	0	1	0	0	0	0	0	0	0	0	1_8_12_10
{Becker_Science2010}	2	2	7	0	1	0	0	0	0	0	0	0	0	1_8_16_08
{Becker_Science2010}	2	2	7	0	1	0	0	0	0	0	0	0	0	1_9_08_06
{Becker_Science2010}	2	2	7	0	1	0	0	0	0	0	0	0	0	1_9_10_14
{Becker_Science2010}	2	2	7	0	1	0	0	0	0	0	0	0	0	1_9_12_10
{Becker_Science2010}	2	2	7	0	1	0	0	0	0	0	0	0	0	1_9_16_08
{Becker_Science2010}	2	2	7	0	1	0	0	0	0	0	0	0	0	2_1_08_06
{Becker_Science2010}	2	2	7	0	1	0	0	0	0	0	0	0	0	2_1_10_14
{Becker_Science2010}	2	2	7	0	1	0	0	0	0	0	0	0	0	2_1_12_10
{Becker_Science2010}	2	2	7	0	1	0	0	0	0	0	0	0	0	2_1_16_08
{Becker_Science2010}	2	2	7	0	1	0	0	0	0	0	0	0	0	2_6_08_06
{Becker_Science2010}	2	2	7	0	1	0	0	0	0	0	0	0	0	2_6_10_14
{Becker_Science2010}	2	2	7	0	1	0	0	0	0	0	0	0	0	2_6_12_10
{Becker_Science2010}	2	2	7	0	1	0	0	0	0	0	0	0	0	2_6_16_08
{Becker_Science2010}	2	2	7	0	1	0	0	0	0	0	0	0	0	2_7_08_06
{Becker_Science2010}	2	2	7	0	1	0	0	0	0	0	0	0	0	2_7_10_14
{Becker_Science2010}	2	2	7	0	1	0	0	0	0	0	0	0	0	2_7_12_10
{Becker_Science2010}	2	2	7	0	1	0	0	0	0	0	0	0	0	2_7_16_08
{Becker_Science2010}	2	2	7	0	1	0	0	0	0	0	0	0	0	2_8_08_06
{Becker_Science2010}	2	2	7	0	1	0	0	0	0	0	0	0	0	2_8_10_14
{Becker_Science2010}	2	2	7	0	1	0	0	0	0	0	0	0	0	2_8_12_10
{Becker_Science2010}	2	2	7	0	1	0	0	0	0	0	0	0	0	2_8_16_08
{Becker_Science2010}	2	2	7	0	1	0	0	0	0	0	0	0	0	2_9_08_06
{Becker_Science2010}	2	2	7	0	1	0	0	0	0	0	0	0	0	2_9_10_14
{Becker_Science2010}	2	2	7	0	1	0	0	0	0	0	0	0	0	2_9_12_10
{Becker_Science2010}	2	2	7	0	1	0	0	0	0	0	0	0	0	2_9_16_08
{Beer_MolBioSystems2014}	4	4	146	0	0.5	0.5	0	0	0	0	0	0	0	1_1_08_06
{Beer_MolBioSystems2014}	4	4	146	0	0.5	0.5	0	0	0	0	0	0	0	1_1_10_14
{Beer_MolBioSystems2014}	4	4	146	0	0.5	0.5	0	0	0	0	0	0	0	1_1_12_10
{Beer_MolBioSystems2014}	4	4	146	0	0.5	0.5	0	0	0	0	0	0	0	1_1_16_08
{Beer_MolBioSystems2014}	4	4	146	0	0.5	0.5	0	0	0	0	0	0	0	1_6_08_06
{Beer_MolBioSystems2014}	4	4	146	0	0.5	0.5	0	0	0	0	0	0	0	1_6_10_14
{Beer_MolBioSystems2014}	4	4	146	0	0.5	0.5	0	0	0	0	0	0	0	1_6_12_10
{Beer_MolBioSystems2014}	4	4	146	0	0.5	0.5	0	0	0	0	0	0	0	1_6_16_08
{Beer_MolBioSystems2014}	4	4	146	0	0.5	0.5	0	0	0	0	0	0	0	1_7_08_06
{Beer_MolBioSystems2014}	4	4	146	0	0.5	0.5	0	0	0	0	0	0	0	1_7_10_14
{Beer_MolBioSystems2014}	4	4	146	0	0.5	0.5	0	0	0	0	0	0	0	1_7_12_10
{Beer_MolBioSystems2014}	4	4	146	0	0.5	0.5	0	0	0	0	0	0	0	1_7_16_08
{Beer_MolBioSystems2014}	4	4	146	0	0.5	0.5	0	0	0	0	0	0	0	1_8_08_06
{Beer_MolBioSystems2014}	4	4	146	0	0.5	0.5	0	0	0	0	0	0	0	1_8_10_14
{Beer_MolBioSystems2014}	4	4	146	0	0.5	0.5	0	0	0	0	0	0	0	1_8_12_10
{Beer_MolBioSystems2014}	4	4	146	0	0.5	0.5	0	0	0	0	0	0	0	1_8_16_08
{Beer_MolBioSystems2014}	4	4	146	0	0.5	0.5	0	0	0	0	0	0	0	1_9_08_06
{Beer_MolBioSystems2014}	4	4	146	0	0.5	0.5	0	0	0	0	0	0	0	1_9_10_14
{Beer_MolBioSystems2014}	4	4	146	0	0.5	0.5	0	0	0	0	0	0	0	1_9_12_10
{Beer_MolBioSystems2014}	4	4	146	0	0.5	0.5	0	0	0	0	0	0	0	1_9_16_08
{Beer_MolBioSystems2014}	4	4	146	0	0.5	0.5	0	0	0	0	0	0	0	2_1_08_06
{Beer_MolBioSystems2014}	4	4	146	0	0.5	0.5	0	0	0	0	0	0	0	2_1_10_14
{Beer_MolBioSystems2014}	4	4	146	0	0.5	0.5	0	0	0	0	0	0	0	2_1_12_10
{Beer_MolBioSystems2014}	4	4	146	0	0.5	0.5	0	0	0	0	0	0	0	2_1_16_08
{Beer_MolBioSystems2014}	4	4	146	0	0.5	0.5	0	0	0	0	0	0	0	2_6_08_06
{Beer_MolBioSystems2014}	4	4	146	0	0.5	0.5	0	0	0	0	0	0	0	2_6_10_14
{Beer_MolBioSystems2014}	4	4	146	0	0.5	0.5	0	0	0	0	0	0	0	2_6_12_10
{Beer_MolBioSystems2014}	4	4	146	0	0.5	0.5	0	0	0	0	0	0	0	2_6_16_08
{Beer_MolBioSystems2014}	4	4	146	0	0.5	0.5	0	0	0	0	0	0	0	2_7_08_06
{Beer_MolBioSystems2014}	4	4	146	0	0.5	0.5	0	0	0	0	0	0	0	2_7_10_14
{Beer_MolBioSystems2014}	4	4	146	0	0.5	0.5	0	0	0	0	0	0	0	2_7_12_10
{Beer_MolBioSystems2014}	4	4	146	0	0.5	0.5	0	0	0	0	0	0	0	2_7_16_08
{Beer_MolBioSystems2014}	4	4	146	0	0.5	0.5	0	0	0	0	0	0	0	2_8_08_06
{Beer_MolBioSystems2014}	4	4	146	0	0.5	0.5	0	0	0	0	0	0	0	2_8_10_14
{Beer_MolBioSystems2014}	4	4	146	0	0.5	0.5	0	0	0	0	0	0	0	2_8_12_10
{Beer_MolBioSystems2014}	4	4	146	0	0.5	0.5	0	0	0	0	0	0	0	2_8_16_08
{Beer_MolBioSystems2014}	4	4	146	0	0.5	0.5	0	0	0	0	0	0	0	2_9_08_06
{Beer_MolBioSystems2014}	4	4	146	0	0.5	0.5	0	0	0	0	0	0	0	2_9_10_14
{Beer_MolBioSystems2014}	4	4	146	0	0.5	0.5	0	0	0	0	0	0	0	2_9_12_10
{Beer_MolBioSystems2014}	4	4	146	0	0.5	0.5	0	0	0	0	0	0	0	2_9_16_08
{Blasi_CellSystems2016}	16	32	82	0	1	0	0	0	0	0	0	0	0	1_1_08_06
{Blasi_CellSystems2016}	16	32	82	0	1	0	0	0	0	0	0	0	0	1_1_10_14
{Blasi_CellSystems2016}	16	32	82	0	1	0	0	0	0	0	0	0	0	1_1_12_10
{Blasi_CellSystems2016}	16	32	82	0	1	0	0	0	0	0	0	0	0	1_1_16_08
{Blasi_CellSystems2016}	16	32	82	0	1	0	0	0	0	0	0	0	0	1_6_08_06
{Blasi_CellSystems2016}	16	32	82	0	1	0	0	0	0	0	0	0	0	1_6_10_14
{Blasi_CellSystems2016}	16	32	82	0	1	0	0	0	0	0	0	0	0	1_6_12_10
{Blasi_CellSystems2016}	16	32	82	0	1	0	0	0	0	0	0	0	0	1_6_16_08
{Blasi_CellSystems2016}	16	32	82	0	1	0	0	0	0	0	0	0	0	1_7_08_06
{Blasi_CellSystems2016}	16	32	82	0	1	0	0	0	0	0	0	0	0	1_7_10_14
{Blasi_CellSystems2016}	16	32	82	0	1	0	0	0	0	0	0	0	0	1_7_12_10
{Blasi_CellSystems2016}	16	32	82	0	1	0	0	0	0	0	0	0	0	1_7_16_08
{Blasi_CellSystems2016}	16	32	82	0	1	0	0	0	0	0	0	0	0	1_8_08_06
{Blasi_CellSystems2016}	16	32	82	0	1	0	0	0	0	0	0	0	0	1_8_10_14
{Blasi_CellSystems2016}	16	32	82	0	1	0	0	0	0	0	0	0	0	1_8_12_10
{Blasi_CellSystems2016}	16	32	82	0	1	0	0	0	0	0	0	0	0	1_8_16_08
{Blasi_CellSystems2016}	16	32	82	0	1	0	0	0	0	0	0	0	0	1_9_08_06
{Blasi_CellSystems2016}	16	32	82	0	1	0	0	0	0	0	0	0	0	1_9_10_14
{Blasi_CellSystems2016}	16	32	82	0	1	0	0	0	0	0	0	0	0	1_9_12_10
{Blasi_CellSystems2016}	16	32	82	0	1	0	0	0	0	0	0	0	0	1_9_16_08
{Blasi_CellSystems2016}	16	32	82	0	1	0	0	0	0	0	0	0	0	2_1_08_06
{Blasi_CellSystems2016}	16	32	82	0	1	0	0	0	0	0	0	0	0	2_1_10_14
{Blasi_CellSystems2016}	16	32	82	0	1	0	0	0	0	0	0	0	0	2_1_12_10
{Blasi_CellSystems2016}	16	32	82	0	1	0	0	0	0	0	0	0	0	2_1_16_08
{Blasi_CellSystems2016}	16	32	82	0	1	0	0	0	0	0	0	0	0	2_6_08_06
{Blasi_CellSystems2016}	16	32	82	0	1	0	0	0	0	0	0	0	0	2_6_10_14
{Blasi_CellSystems2016}	16	32	82	0	1	0	0	0	0	0	0	0	0	2_6_12_10
{Blasi_CellSystems2016}	16	32	82	0	1	0	0	0	0	0	0	0	0	2_6_16_08
{Blasi_CellSystems2016}	16	32	82	0	1	0	0	0	0	0	0	0	0	2_7_08_06
{Blasi_CellSystems2016}	16	32	82	0	1	0	0	0	0	0	0	0	0	2_7_10_14
{Blasi_CellSystems2016}	16	32	82	0	1	0	0	0	0	0	0	0	0	2_7_12_10
{Blasi_CellSystems2016}	16	32	82	0	1	0	0	0	0	0	0	0	0	2_7_16_08
{Blasi_CellSystems2016}	16	32	82	0	1	0	0	0	0	0	0	0	0	2_8_08_06
{Blasi_CellSystems2016}	16	32	82	0	1	0	0	0	0	0	0	0	0	2_8_10_14
{Blasi_CellSystems2016}	16	32	82	0	1	0	0	0	0	0	0	0	0	2_8_12_10
{Blasi_CellSystems2016}	16	32	82	0	1	0	0	0	0	0	0	0	0	2_8_16_08
{Blasi_CellSystems2016}	16	32	82	0	1	0	0	0	0	0	0	0	0	2_9_08_06
{Blasi_CellSystems2016}	16	32	82	0	1	0	0	0	0	0	0	0	0	2_9_10_14
{Blasi_CellSystems2016}	16	32	82	0	1	0	0	0	0	0	0	0	0	2_9_12_10
{Blasi_CellSystems2016}	16	32	82	0	1	0	0	0	0	0	0	0	0	2_9_16_08
{Blasi_CellSystems2016}	16	32	81	0	1	0	0	0	0	0	0	0	0	1_1_08_06
{Blasi_CellSystems2016}	16	32	81	0	1	0	0	0	0	0	0	0	0	1_1_10_14
{Blasi_CellSystems2016}	16	32	81	0	1	0	0	0	0	0	0	0	0	1_1_12_10
{Blasi_CellSystems2016}	16	32	81	0	1	0	0	0	0	0	0	0	0	1_1_16_08
{Blasi_CellSystems2016}	16	32	81	0	1	0	0	0	0	0	0	0	0	1_6_08_06
{Blasi_CellSystems2016}	16	32	81	0	1	0	0	0	0	0	0	0	0	1_6_10_14
{Blasi_CellSystems2016}	16	32	81	0	1	0	0	0	0	0	0	0	0	1_6_12_10
{Blasi_CellSystems2016}	16	32	81	0	1	0	0	0	0	0	0	0	0	1_6_16_08
{Blasi_CellSystems2016}	16	32	81	0	1	0	0	0	0	0	0	0	0	1_7_08_06
{Blasi_CellSystems2016}	16	32	81	0	1	0	0	0	0	0	0	0	0	1_7_10_14
{Blasi_CellSystems2016}	16	32	81	0	1	0	0	0	0	0	0	0	0	1_7_12_10
{Blasi_CellSystems2016}	16	32	81	0	1	0	0	0	0	0	0	0	0	1_7_16_08
{Blasi_CellSystems2016}	16	32	81	0	1	0	0	0	0	0	0	0	0	1_8_08_06
{Blasi_CellSystems2016}	16	32	81	0	1	0	0	0	0	0	0	0	0	1_8_10_14
{Blasi_CellSystems2016}	16	32	81	0	1	0	0	0	0	0	0	0	0	1_8_12_10
{Blasi_CellSystems2016}	16	32	81	0	1	0	0	0	0	0	0	0	0	1_8_16_08
{Blasi_CellSystems2016}	16	32	81	0	1	0	0	0	0	0	0	0	0	1_9_08_06
{Blasi_CellSystems2016}	16	32	81	0	1	0	0	0	0	0	0	0	0	1_9_10_14
{Blasi_CellSystems2016}	16	32	81	0	1	0	0	0	0	0	0	0	0	1_9_12_10
{Blasi_CellSystems2016}	16	32	81	0	1	0	0	0	0	0	0	0	0	1_9_16_08
{Blasi_CellSystems2016}	16	32	81	0	1	0	0	0	0	0	0	0	0	2_1_08_06
{Blasi_CellSystems2016}	16	32	81	0	1	0	0	0	0	0	0	0	0	2_1_10_14
{Blasi_CellSystems2016}	16	32	81	0	1	0	0	0	0	0	0	0	0	2_1_12_10
{Blasi_CellSystems2016}	16	32	81	0	1	0	0	0	0	0	0	0	0	2_1_16_08
{Blasi_CellSystems2016}	16	32	81	0	1	0	0	0	0	0	0	0	0	2_6_08_06
{Blasi_CellSystems2016}	16	32	81	0	1	0	0	0	0	0	0	0	0	2_6_10_14
{Blasi_CellSystems2016}	16	32	81	0	1	0	0	0	0	0	0	0	0	2_6_12_10
{Blasi_CellSystems2016}	16	32	81	0	1	0	0	0	0	0	0	0	0	2_6_16_08
{Blasi_CellSystems2016}	16	32	81	0	1	0	0	0	0	0	0	0	0	2_7_08_06
{Blasi_CellSystems2016}	16	32	81	0	1	0	0	0	0	0	0	0	0	2_7_10_14
{Blasi_CellSystems2016}	16	32	81	0	1	0	0	0	0	0	0	0	0	2_7_12_10
{Blasi_CellSystems2016}	16	32	81	0	1	0	0	0	0	0	0	0	0	2_7_16_08
{Blasi_CellSystems2016}	16	32	81	0	1	0	0	0	0	0	0	0	0	2_8_08_06
{Blasi_CellSystems2016}	16	32	81	0	1	0	0	0	0	0	0	0	0	2_8_10_14
{Blasi_CellSystems2016}	16	32	81	0	1	0	0	0	0	0	0	0	0	2_8_12_10
{Blasi_CellSystems2016}	16	32	81	0	1	0	0	0	0	0	0	0	0	2_8_16_08
{Blasi_CellSystems2016}	16	32	81	0	1	0	0	0	0	0	0	0	0	2_9_08_06
{Blasi_CellSystems2016}	16	32	81	0	1	0	0	0	0	0	0	0	0	2_9_10_14
{Blasi_CellSystems2016}	16	32	81	0	1	0	0	0	0	0	0	0	0	2_9_12_10
{Blasi_CellSystems2016}	16	32	81	0	1	0	0	0	0	0	0	0	0	2_9_16_08
{Boehm_JProteomeRes2014}	8	9	18	0	0.7777777777777778	0.2222222222222222	0	0	0	0	0	0	0	1_1_08_06
{Boehm_JProteomeRes2014}	8	9	18	0	0.7777777777777778	0.2222222222222222	0	0	0	0	0	0	0	1_1_10_14
{Boehm_JProteomeRes2014}	8	9	18	0	0.7777777777777778	0.2222222222222222	0	0	0	0	0	0	0	1_1_12_10
{Boehm_JProteomeRes2014}	8	9	18	0	0.7777777777777778	0.2222222222222222	0	0	0	0	0	0	0	1_1_16_08
{Boehm_JProteomeRes2014}	8	9	18	0	0.7777777777777778	0.2222222222222222	0	0	0	0	0	0	0	1_6_08_06
{Boehm_JProteomeRes2014}	8	9	18	0	0.7777777777777778	0.2222222222222222	0	0	0	0	0	0	0	1_6_10_14
{Boehm_JProteomeRes2014}	8	9	18	0	0.7777777777777778	0.2222222222222222	0	0	0	0	0	0	0	1_6_12_10
{Boehm_JProteomeRes2014}	8	9	18	0	0.7777777777777778	0.2222222222222222	0	0	0	0	0	0	0	1_6_16_08
{Boehm_JProteomeRes2014}	8	9	18	0	0.7777777777777778	0.2222222222222222	0	0	0	0	0	0	0	1_7_08_06
{Boehm_JProteomeRes2014}	8	9	18	0	0.7777777777777778	0.2222222222222222	0	0	0	0	0	0	0	1_7_10_14
{Boehm_JProteomeRes2014}	8	9	18	0	0.7777777777777778	0.2222222222222222	0	0	0	0	0	0	0	1_7_12_10
{Boehm_JProteomeRes2014}	8	9	18	0	0.7777777777777778	0.2222222222222222	0	0	0	0	0	0	0	1_7_16_08
{Boehm_JProteomeRes2014}	8	9	18	0	0.7777777777777778	0.2222222222222222	0	0	0	0	0	0	0	1_8_08_06
{Boehm_JProteomeRes2014}	8	9	18	0	0.7777777777777778	0.2222222222222222	0	0	0	0	0	0	0	1_8_10_14
{Boehm_JProteomeRes2014}	8	9	18	0	0.7777777777777778	0.2222222222222222	0	0	0	0	0	0	0	1_8_12_10
{Boehm_JProteomeRes2014}	8	9	18	0	0.7777777777777778	0.2222222222222222	0	0	0	0	0	0	0	1_8_16_08
{Boehm_JProteomeRes2014}	8	9	18	0	0.7777777777777778	0.2222222222222222	0	0	0	0	0	0	0	1_9_08_06
{Boehm_JProteomeRes2014}	8	9	18	0	0.7777777777777778	0.2222222222222222	0	0	0	0	0	0	0	1_9_10_14
{Boehm_JProteomeRes2014}	8	9	18	0	0.7777777777777778	0.2222222222222222	0	0	0	0	0	0	0	1_9_12_10
{Boehm_JProteomeRes2014}	8	9	18	0	0.7777777777777778	0.2222222222222222	0	0	0	0	0	0	0	1_9_16_08
{Boehm_JProteomeRes2014}	8	9	18	0	0.7777777777777778	0.2222222222222222	0	0	0	0	0	0	0	2_1_08_06
{Boehm_JProteomeRes2014}	8	9	18	0	0.7777777777777778	0.2222222222222222	0	0	0	0	0	0	0	2_1_10_14
{Boehm_JProteomeRes2014}	8	9	18	0	0.7777777777777778	0.2222222222222222	0	0	0	0	0	0	0	2_1_12_10
{Boehm_JProteomeRes2014}	8	9	18	0	0.7777777777777778	0.2222222222222222	0	0	0	0	0	0	0	2_1_16_08
{Boehm_JProteomeRes2014}	8	9	18	0	0.7777777777777778	0.2222222222222222	0	0	0	0	0	0	0	2_6_08_06
{Boehm_JProteomeRes2014}	8	9	18	0	0.7777777777777778	0.2222222222222222	0	0	0	0	0	0	0	2_6_10_14
{Boehm_JProteomeRes2014}	8	9	18	0	0.7777777777777778	0.2222222222222222	0	0	0	0	0	0	0	2_6_12_10
{Boehm_JProteomeRes2014}	8	9	18	0	0.7777777777777778	0.2222222222222222	0	0	0	0	0	0	0	2_6_16_08
{Boehm_JProteomeRes2014}	8	9	18	0	0.7777777777777778	0.2222222222222222	0	0	0	0	0	0	0	2_7_08_06
{Boehm_JProteomeRes2014}	8	9	18	0	0.7777777777777778	0.2222222222222222	0	0	0	0	0	0	0	2_7_10_14
{Boehm_JProteomeRes2014}	8	9	18	0	0.7777777777777778	0.2222222222222222	0	0	0	0	0	0	0	2_7_12_10
{Boehm_JProteomeRes2014}	8	9	18	0	0.7777777777777778	0.2222222222222222	0	0	0	0	0	0	0	2_7_16_08
{Boehm_JProteomeRes2014}	8	9	18	0	0.7777777777777778	0.2222222222222222	0	0	0	0	0	0	0	2_8_08_06
{Boehm_JProteomeRes2014}	8	9	18	0	0.7777777777777778	0.2222222222222222	0	0	0	0	0	0	0	2_8_10_14
{Boehm_JProteomeRes2014}	8	9	18	0	0.7777777777777778	0.2222222222222222	0	0	0	0	0	0	0	2_8_12_10
{Boehm_JProteomeRes2014}	8	9	18	0	0.7777777777777778	0.2222222222222222	0	0	0	0	0	0	0	2_8_16_08
{Boehm_JProteomeRes2014}	8	9	18	0	0.7777777777777778	0.2222222222222222	0	0	0	0	0	0	0	2_9_08_06
{Boehm_JProteomeRes2014}	8	9	18	0	0.7777777777777778	0.2222222222222222	0	0	0	0	0	0	0	2_9_10_14
{Boehm_JProteomeRes2014}	8	9	18	0	0.7777777777777778	0.2222222222222222	0	0	0	0	0	0	0	2_9_12_10
{Boehm_JProteomeRes2014}	8	9	18	0	0.7777777777777778	0.2222222222222222	0	0	0	0	0	0	0	2_9_16_08
{Borghans_BiophysChem1997}	3	8	25	0.25	0.375	0	0	0	0	0	0	0	0.375	1_1_08_06
{Borghans_BiophysChem1997}	3	8	25	0.25	0.375	0	0	0	0	0	0	0	0.375	1_1_10_14
{Borghans_BiophysChem1997}	3	8	25	0.25	0.375	0	0	0	0	0	0	0	0.375	1_1_12_10
{Borghans_BiophysChem1997}	3	8	25	0.25	0.375	0	0	0	0	0	0	0	0.375	1_1_16_08
{Borghans_BiophysChem1997}	3	8	25	0.25	0.375	0	0	0	0	0	0	0	0.375	1_6_08_06
{Borghans_BiophysChem1997}	3	8	25	0.25	0.375	0	0	0	0	0	0	0	0.375	1_6_10_14
{Borghans_BiophysChem1997}	3	8	25	0.25	0.375	0	0	0	0	0	0	0	0.375	1_6_12_10
{Borghans_BiophysChem1997}	3	8	25	0.25	0.375	0	0	0	0	0	0	0	0.375	1_6_16_08
{Borghans_BiophysChem1997}	3	8	25	0.25	0.375	0	0	0	0	0	0	0	0.375	1_7_08_06
{Borghans_BiophysChem1997}	3	8	25	0.25	0.375	0	0	0	0	0	0	0	0.375	1_7_10_14
{Borghans_BiophysChem1997}	3	8	25	0.25	0.375	0	0	0	0	0	0	0	0.375	1_7_12_10
{Borghans_BiophysChem1997}	3	8	25	0.25	0.375	0	0	0	0	0	0	0	0.375	1_7_16_08
{Borghans_BiophysChem1997}	3	8	25	0.25	0.375	0	0	0	0	0	0	0	0.375	1_8_08_06
{Borghans_BiophysChem1997}	3	8	25	0.25	0.375	0	0	0	0	0	0	0	0.375	1_8_10_14
{Borghans_BiophysChem1997}	3	8	25	0.25	0.375	0	0	0	0	0	0	0	0.375	1_8_12_10
{Borghans_BiophysChem1997}	3	8	25	0.25	0.375	0	0	0	0	0	0	0	0.375	1_8_16_08
{Borghans_BiophysChem1997}	3	8	25	0.25	0.375	0	0	0	0	0	0	0	0.375	1_9_08_06
{Borghans_BiophysChem1997}	3	8	25	0.25	0.375	0	0	0	0	0	0	0	0.375	1_9_10_14
{Borghans_BiophysChem1997}	3	8	25	0.25	0.375	0	0	0	0	0	0	0	0.375	1_9_12_10
{Borghans_BiophysChem1997}	3	8	25	0.25	0.375	0	0	0	0	0	0	0	0.375	1_9_16_08
{Borghans_BiophysChem1997}	3	8	25	0.25	0.375	0	0	0	0	0	0	0	0.375	2_1_08_06
{Borghans_BiophysChem1997}	3	8	25	0.25	0.375	0	0	0	0	0	0	0	0.375	2_1_10_14
{Borghans_BiophysChem1997}	3	8	25	0.25	0.375	0	0	0	0	0	0	0	0.375	2_1_12_10
{Borghans_BiophysChem1997}	3	8	25	0.25	0.375	0	0	0	0	0	0	0	0.375	2_1_16_08
{Borghans_BiophysChem1997}	3	8	25	0.25	0.375	0	0	0	0	0	0	0	0.375	2_6_08_06
{Borghans_BiophysChem1997}	3	8	25	0.25	0.375	0	0	0	0	0	0	0	0.375	2_6_10_14
{Borghans_BiophysChem1997}	3	8	25	0.25	0.375	0	0	0	0	0	0	0	0.375	2_6_12_10
{Borghans_BiophysChem1997}	3	8	25	0.25	0.375	0	0	0	0	0	0	0	0.375	2_6_16_08
{Borghans_BiophysChem1997}	3	8	25	0.25	0.375	0	0	0	0	0	0	0	0.375	2_7_08_06
{Borghans_BiophysChem1997}	3	8	25	0.25	0.375	0	0	0	0	0	0	0	0.375	2_7_10_14
{Borghans_BiophysChem1997}	3	8	25	0.25	0.375	0	0	0	0	0	0	0	0.375	2_7_12_10
{Borghans_BiophysChem1997}	3	8	25	0.25	0.375	0	0	0	0	0	0	0	0.375	2_7_16_08
{Borghans_BiophysChem1997}	3	8	25	0.25	0.375	0	0	0	0	0	0	0	0.375	2_8_08_06
{Borghans_BiophysChem1997}	3	8	25	0.25	0.375	0	0	0	0	0	0	0	0.375	2_8_10_14
{Borghans_BiophysChem1997}	3	8	25	0.25	0.375	0	0	0	0	0	0	0	0.375	2_8_12_10
{Borghans_BiophysChem1997}	3	8	25	0.25	0.375	0	0	0	0	0	0	0	0.375	2_8_16_08
{Borghans_BiophysChem1997}	3	8	25	0.25	0.375	0	0	0	0	0	0	0	0.375	2_9_08_06
{Borghans_BiophysChem1997}	3	8	25	0.25	0.375	0	0	0	0	0	0	0	0.375	2_9_10_14
{Borghans_BiophysChem1997}	3	8	25	0.25	0.375	0	0	0	0	0	0	0	0.375	2_9_12_10
{Borghans_BiophysChem1997}	3	8	25	0.25	0.375	0	0	0	0	0	0	0	0.375	2_9_16_08
{Brannmark_JBC2010}	9	11	28	0	1	0	0	0	0	0	0	0	0.09090909090909091	1_1_08_06
{Brannmark_JBC2010}	9	11	28	0	1	0	0	0	0	0	0	0	0.09090909090909091	1_1_10_14
{Brannmark_JBC2010}	9	11	28	0	1	0	0	0	0	0	0	0	0.09090909090909091	1_1_12_10
{Brannmark_JBC2010}	9	11	28	0	1	0	0	0	0	0	0	0	0.09090909090909091	1_1_16_08
{Brannmark_JBC2010}	9	11	28	0	1	0	0	0	0	0	0	0	0.09090909090909091	1_6_08_06
{Brannmark_JBC2010}	9	11	28	0	1	0	0	0	0	0	0	0	0.09090909090909091	1_6_10_14
{Brannmark_JBC2010}	9	11	28	0	1	0	0	0	0	0	0	0	0.09090909090909091	1_6_12_10
{Brannmark_JBC2010}	9	11	28	0	1	0	0	0	0	0	0	0	0.09090909090909091	1_6_16_08
{Brannmark_JBC2010}	9	11	28	0	1	0	0	0	0	0	0	0	0.09090909090909091	1_7_08_06
{Brannmark_JBC2010}	9	11	28	0	1	0	0	0	0	0	0	0	0.09090909090909091	1_7_10_14
{Brannmark_JBC2010}	9	11	28	0	1	0	0	0	0	0	0	0	0.09090909090909091	1_7_12_10
{Brannmark_JBC2010}	9	11	28	0	1	0	0	0	0	0	0	0	0.09090909090909091	1_7_16_08
{Brannmark_JBC2010}	9	11	28	0	1	0	0	0	0	0	0	0	0.09090909090909091	1_8_08_06
{Brannmark_JBC2010}	9	11	28	0	1	0	0	0	0	0	0	0	0.09090909090909091	1_8_10_14
{Brannmark_JBC2010}	9	11	28	0	1	0	0	0	0	0	0	0	0.09090909090909091	1_8_12_10
{Brannmark_JBC2010}	9	11	28	0	1	0	0	0	0	0	0	0	0.09090909090909091	1_8_16_08
{Brannmark_JBC2010}	9	11	28	0	1	0	0	0	0	0	0	0	0.09090909090909091	1_9_08_06
{Brannmark_JBC2010}	9	11	28	0	1	0	0	0	0	0	0	0	0.09090909090909091	1_9_10_14
{Brannmark_JBC2010}	9	11	28	0	1	0	0	0	0	0	0	0	0.09090909090909091	1_9_12_10
{Brannmark_JBC2010}	9	11	28	0	1	0	0	0	0	0	0	0	0.09090909090909091	1_9_16_08
{Brannmark_JBC2010}	9	11	28	0	1	0	0	0	0	0	0	0	0.09090909090909091	2_1_08_06
{Brannmark_JBC2010}	9	11	28	0	1	0	0	0	0	0	0	0	0.09090909090909091	2_1_10_14
{Brannmark_JBC2010}	9	11	28	0	1	0	0	0	0	0	0	0	0.09090909090909091	2_1_12_10
{Brannmark_JBC2010}	9	11	28	0	1	0	0	0	0	0	0	0	0.09090909090909091	2_1_16_08
{Brannmark_JBC2010}	9	11	28	0	1	0	0	0	0	0	0	0	0.09090909090909091	2_6_08_06
{Brannmark_JBC2010}	9	11	28	0	1	0	0	0	0	0	0	0	0.09090909090909091	2_6_10_14
{Brannmark_JBC2010}	9	11	28	0	1	0	0	0	0	0	0	0	0.09090909090909091	2_6_12_10
{Brannmark_JBC2010}	9	11	28	0	1	0	0	0	0	0	0	0	0.09090909090909091	2_6_16_08
{Brannmark_JBC2010}	9	11	28	0	1	0	0	0	0	0	0	0	0.09090909090909091	2_7_08_06
{Brannmark_JBC2010}	9	11	28	0	1	0	0	0	0	0	0	0	0.09090909090909091	2_7_10_14
{Brannmark_JBC2010}	9	11	28	0	1	0	0	0	0	0	0	0	0.09090909090909091	2_7_12_10
{Brannmark_JBC2010}	9	11	28	0	1	0	0	0	0	0	0	0	0.09090909090909091	2_7_16_08
{Brannmark_JBC2010}	9	11	28	0	1	0	0	0	0	0	0	0	0.09090909090909091	2_8_08_06
{Brannmark_JBC2010}	9	11	28	0	1	0	0	0	0	0	0	0	0.09090909090909091	2_8_10_14
{Brannmark_JBC2010}	9	11	28	0	1	0	0	0	0	0	0	0	0.09090909090909091	2_8_12_10
{Brannmark_JBC2010}	9	11	28	0	1	0	0	0	0	0	0	0	0.09090909090909091	2_8_16_08
{Brannmark_JBC2010}	9	11	28	0	1	0	0	0	0	0	0	0	0.09090909090909091	2_9_08_06
{Brannmark_JBC2010}	9	11	28	0	1	0	0	0	0	0	0	0	0.09090909090909091	2_9_10_14
{Brannmark_JBC2010}	9	11	28	0	1	0	0	0	0	0	0	0	0.09090909090909091	2_9_12_10
{Brannmark_JBC2010}	9	11	28	0	1	0	0	0	0	0	0	0	0.09090909090909091	2_9_16_08
{Bruno_JExpBio2016}	7	6	35	0	1	0	0	0	0	0	0	0	0	1_1_08_06
{Bruno_JExpBio2016}	7	6	35	0	1	0	0	0	0	0	0	0	0	1_1_10_14
{Bruno_JExpBio2016}	7	6	35	0	1	0	0	0	0	0	0	0	0	1_1_12_10
{Bruno_JExpBio2016}	7	6	35	0	1	0	0	0	0	0	0	0	0	1_1_16_08
{Bruno_JExpBio2016}	7	6	35	0	1	0	0	0	0	0	0	0	0	1_6_08_06
{Bruno_JExpBio2016}	7	6	35	0	1	0	0	0	0	0	0	0	0	1_6_10_14
{Bruno_JExpBio2016}	7	6	35	0	1	0	0	0	0	0	0	0	0	1_6_12_10
{Bruno_JExpBio2016}	7	6	35	0	1	0	0	0	0	0	0	0	0	1_6_16_08
{Bruno_JExpBio2016}	7	6	35	0	1	0	0	0	0	0	0	0	0	1_7_08_06
{Bruno_JExpBio2016}	7	6	35	0	1	0	0	0	0	0	0	0	0	1_7_10_14
{Bruno_JExpBio2016}	7	6	35	0	1	0	0	0	0	0	0	0	0	1_7_12_10
{Bruno_JExpBio2016}	7	6	35	0	1	0	0	0	0	0	0	0	0	1_7_16_08
{Bruno_JExpBio2016}	7	6	35	0	1	0	0	0	0	0	0	0	0	1_8_08_06
{Bruno_JExpBio2016}	7	6	35	0	1	0	0	0	0	0	0	0	0	1_8_10_14
{Bruno_JExpBio2016}	7	6	35	0	1	0	0	0	0	0	0	0	0	1_8_12_10
{Bruno_JExpBio2016}	7	6	35	0	1	0	0	0	0	0	0	0	0	1_8_16_08
{Bruno_JExpBio2016}	7	6	35	0	1	0	0	0	0	0	0	0	0	1_9_08_06
{Bruno_JExpBio2016}	7	6	35	0	1	0	0	0	0	0	0	0	0	1_9_10_14
{Bruno_JExpBio2016}	7	6	35	0	1	0	0	0	0	0	0	0	0	1_9_12_10
{Bruno_JExpBio2016}	7	6	35	0	1	0	0	0	0	0	0	0	0	1_9_16_08
{Bruno_JExpBio2016}	7	6	35	0	1	0	0	0	0	0	0	0	0	2_1_08_06
{Bruno_JExpBio2016}	7	6	35	0	1	0	0	0	0	0	0	0	0	2_1_10_14
{Bruno_JExpBio2016}	7	6	35	0	1	0	0	0	0	0	0	0	0	2_1_12_10
{Bruno_JExpBio2016}	7	6	35	0	1	0	0	0	0	0	0	0	0	2_1_16_08
{Bruno_JExpBio2016}	7	6	35	0	1	0	0	0	0	0	0	0	0	2_6_08_06
{Bruno_JExpBio2016}	7	6	35	0	1	0	0	0	0	0	0	0	0	2_6_10_14
{Bruno_JExpBio2016}	7	6	35	0	1	0	0	0	0	0	0	0	0	2_6_12_10
{Bruno_JExpBio2016}	7	6	35	0	1	0	0	0	0	0	0	0	0	2_6_16_08
{Bruno_JExpBio2016}	7	6	35	0	1	0	0	0	0	0	0	0	0	2_7_08_06
{Bruno_JExpBio2016}	7	6	35	0	1	0	0	0	0	0	0	0	0	2_7_10_14
{Bruno_JExpBio2016}	7	6	35	0	1	0	0	0	0	0	0	0	0	2_7_12_10
{Bruno_JExpBio2016}	7	6	35	0	1	0	0	0	0	0	0	0	0	2_7_16_08
{Bruno_JExpBio2016}	7	6	35	0	1	0	0	0	0	0	0	0	0	2_8_08_06
{Bruno_JExpBio2016}	7	6	35	0	1	0	0	0	0	0	0	0	0	2_8_10_14
{Bruno_JExpBio2016}	7	6	35	0	1	0	0	0	0	0	0	0	0	2_8_12_10
{Bruno_JExpBio2016}	7	6	35	0	1	0	0	0	0	0	0	0	0	2_8_16_08
{Bruno_JExpBio2016}	7	6	35	0	1	0	0	0	0	0	0	0	0	2_9_08_06
{Bruno_JExpBio2016}	7	6	35	0	1	0	0	0	0	0	0	0	0	2_9_10_14
{Bruno_JExpBio2016}	7	6	35	0	1	0	0	0	0	0	0	0	0	2_9_12_10
{Bruno_JExpBio2016}	7	6	35	0	1	0	0	0	0	0	0	0	0	2_9_16_08
{Chen_MSB2009}	500	827	208	0.007255139056831923	0.9842805320435308	0.008464328899637243	0	0	0	0	0	0	0	1_1_08_06
{Chen_MSB2009}	500	827	208	0.007255139056831923	0.9842805320435308	0.008464328899637243	0	0	0	0	0	0	0	1_1_10_14
{Chen_MSB2009}	500	827	208	0.007255139056831923	0.9842805320435308	0.008464328899637243	0	0	0	0	0	0	0	1_1_12_10
{Chen_MSB2009}	500	827	208	0.007255139056831923	0.9842805320435308	0.008464328899637243	0	0	0	0	0	0	0	1_1_16_08
{Chen_MSB2009}	500	827	208	0.007255139056831923	0.9842805320435308	0.008464328899637243	0	0	0	0	0	0	0	1_6_08_06
{Chen_MSB2009}	500	827	208	0.007255139056831923	0.9842805320435308	0.008464328899637243	0	0	0	0	0	0	0	1_6_10_14
{Chen_MSB2009}	500	827	208	0.007255139056831923	0.9842805320435308	0.008464328899637243	0	0	0	0	0	0	0	1_6_12_10
{Chen_MSB2009}	500	827	208	0.007255139056831923	0.9842805320435308	0.008464328899637243	0	0	0	0	0	0	0	1_6_16_08
{Chen_MSB2009}	500	827	208	0.007255139056831923	0.9842805320435308	0.008464328899637243	0	0	0	0	0	0	0	1_7_08_06
{Chen_MSB2009}	500	827	208	0.007255139056831923	0.9842805320435308	0.008464328899637243	0	0	0	0	0	0	0	1_7_10_14
{Chen_MSB2009}	500	827	208	0.007255139056831923	0.9842805320435308	0.008464328899637243	0	0	0	0	0	0	0	1_7_12_10
{Chen_MSB2009}	500	827	208	0.007255139056831923	0.9842805320435308	0.008464328899637243	0	0	0	0	0	0	0	1_7_16_08
{Chen_MSB2009}	500	827	208	0.007255139056831923	0.9842805320435308	0.008464328899637243	0	0	0	0	0	0	0	1_8_08_06
{Chen_MSB2009}	500	827	208	0.007255139056831923	0.9842805320435308	0.008464328899637243	0	0	0	0	0	0	0	1_8_10_14
{Chen_MSB2009}	500	827	208	0.007255139056831923	0.9842805320435308	0.008464328899637243	0	0	0	0	0	0	0	1_8_12_10
{Chen_MSB2009}	500	827	208	0.007255139056831923	0.9842805320435308	0.008464328899637243	0	0	0	0	0	0	0	1_8_16_08
{Chen_MSB2009}	500	827	208	0.007255139056831923	0.9842805320435308	0.008464328899637243	0	0	0	0	0	0	0	1_9_08_06
{Chen_MSB2009}	500	827	208	0.007255139056831923	0.9842805320435308	0.008464328899637243	0	0	0	0	0	0	0	1_9_10_14
{Chen_MSB2009}	500	827	208	0.007255139056831923	0.9842805320435308	0.008464328899637243	0	0	0	0	0	0	0	1_9_12_10
{Chen_MSB2009}	500	827	208	0.007255139056831923	0.9842805320435308	0.008464328899637243	0	0	0	0	0	0	0	1_9_16_08
{Chen_MSB2009}	500	827	208	0.007255139056831923	0.9842805320435308	0.008464328899637243	0	0	0	0	0	0	0	2_1_08_06
{Chen_MSB2009}	500	827	208	0.007255139056831923	0.9842805320435308	0.008464328899637243	0	0	0	0	0	0	0	2_1_10_14
{Chen_MSB2009}	500	827	208	0.007255139056831923	0.9842805320435308	0.008464328899637243	0	0	0	0	0	0	0	2_1_12_10
{Chen_MSB2009}	500	827	208	0.007255139056831923	0.9842805320435308	0.008464328899637243	0	0	0	0	0	0	0	2_1_16_08
{Chen_MSB2009}	500	827	208	0.007255139056831923	0.9842805320435308	0.008464328899637243	0	0	0	0	0	0	0	2_6_08_06
{Chen_MSB2009}	500	827	208	0.007255139056831923	0.9842805320435308	0.008464328899637243	0	0	0	0	0	0	0	2_6_10_14
{Chen_MSB2009}	500	827	208	0.007255139056831923	0.9842805320435308	0.008464328899637243	0	0	0	0	0	0	0	2_6_12_10
{Chen_MSB2009}	500	827	208	0.007255139056831923	0.9842805320435308	0.008464328899637243	0	0	0	0	0	0	0	2_6_16_08
{Chen_MSB2009}	500	827	208	0.007255139056831923	0.9842805320435308	0.008464328899637243	0	0	0	0	0	0	0	2_7_08_06
{Chen_MSB2009}	500	827	208	0.007255139056831923	0.9842805320435308	0.008464328899637243	0	0	0	0	0	0	0	2_7_10_14
{Chen_MSB2009}	500	827	208	0.007255139056831923	0.9842805320435308	0.008464328899637243	0	0	0	0	0	0	0	2_7_12_10
{Chen_MSB2009}	500	827	208	0.007255139056831923	0.9842805320435308	0.008464328899637243	0	0	0	0	0	0	0	2_7_16_08
{Chen_MSB2009}	500	827	208	0.007255139056831923	0.9842805320435308	0.008464328899637243	0	0	0	0	0	0	0	2_8_08_06
{Chen_MSB2009}	500	827	208	0.007255139056831923	0.9842805320435308	0.008464328899637243	0	0	0	0	0	0	0	2_8_10_14
{Chen_MSB2009}	500	827	208	0.007255139056831923	0.9842805320435308	0.008464328899637243	0	0	0	0	0	0	0	2_8_12_10
{Chen_MSB2009}	500	827	208	0.007255139056831923	0.9842805320435308	0.008464328899637243	0	0	0	0	0	0	0	2_8_16_08
{Chen_MSB2009}	500	827	208	0.007255139056831923	0.9842805320435308	0.008464328899637243	0	0	0	0	0	0	0	2_9_08_06
{Chen_MSB2009}	500	827	208	0.007255139056831923	0.9842805320435308	0.008464328899637243	0	0	0	0	0	0	0	2_9_10_14
{Chen_MSB2009}	500	827	208	0.007255139056831923	0.9842805320435308	0.008464328899637243	0	0	0	0	0	0	0	2_9_12_10
{Chen_MSB2009}	500	827	208	0.007255139056831923	0.9842805320435308	0.008464328899637243	0	0	0	0	0	0	0	2_9_16_08
{Crauste_CellSystems2017}	5	12	24	0	0.75	0.25	0	0	0	0	0	0	0	1_1_08_06
{Crauste_CellSystems2017}	5	12	24	0	0.75	0.25	0	0	0	0	0	0	0	1_1_10_14
{Crauste_CellSystems2017}	5	12	24	0	0.75	0.25	0	0	0	0	0	0	0	1_1_12_10
{Crauste_CellSystems2017}	5	12	24	0	0.75	0.25	0	0	0	0	0	0	0	1_1_16_08
{Crauste_CellSystems2017}	5	12	24	0	0.75	0.25	0	0	0	0	0	0	0	1_6_08_06
{Crauste_CellSystems2017}	5	12	24	0	0.75	0.25	0	0	0	0	0	0	0	1_6_10_14
{Crauste_CellSystems2017}	5	12	24	0	0.75	0.25	0	0	0	0	0	0	0	1_6_12_10
{Crauste_CellSystems2017}	5	12	24	0	0.75	0.25	0	0	0	0	0	0	0	1_6_16_08
{Crauste_CellSystems2017}	5	12	24	0	0.75	0.25	0	0	0	0	0	0	0	1_7_08_06
{Crauste_CellSystems2017}	5	12	24	0	0.75	0.25	0	0	0	0	0	0	0	1_7_10_14
{Crauste_CellSystems2017}	5	12	24	0	0.75	0.25	0	0	0	0	0	0	0	1_7_12_10
{Crauste_CellSystems2017}	5	12	24	0	0.75	0.25	0	0	0	0	0	0	0	1_7_16_08
{Crauste_CellSystems2017}	5	12	24	0	0.75	0.25	0	0	0	0	0	0	0	1_8_08_06
{Crauste_CellSystems2017}	5	12	24	0	0.75	0.25	0	0	0	0	0	0	0	1_8_10_14
{Crauste_CellSystems2017}	5	12	24	0	0.75	0.25	0	0	0	0	0	0	0	1_8_12_10
{Crauste_CellSystems2017}	5	12	24	0	0.75	0.25	0	0	0	0	0	0	0	1_8_16_08
{Crauste_CellSystems2017}	5	12	24	0	0.75	0.25	0	0	0	0	0	0	0	1_9_08_06
{Crauste_CellSystems2017}	5	12	24	0	0.75	0.25	0	0	0	0	0	0	0	1_9_10_14
{Crauste_CellSystems2017}	5	12	24	0	0.75	0.25	0	0	0	0	0	0	0	1_9_12_10
{Crauste_CellSystems2017}	5	12	24	0	0.75	0.25	0	0	0	0	0	0	0	1_9_16_08
{Crauste_CellSystems2017}	5	12	24	0	0.75	0.25	0	0	0	0	0	0	0	2_1_08_06
{Crauste_CellSystems2017}	5	12	24	0	0.75	0.25	0	0	0	0	0	0	0	2_1_10_14
{Crauste_CellSystems2017}	5	12	24	0	0.75	0.25	0	0	0	0	0	0	0	2_1_12_10
{Crauste_CellSystems2017}	5	12	24	0	0.75	0.25	0	0	0	0	0	0	0	2_1_16_08
{Crauste_CellSystems2017}	5	12	24	0	0.75	0.25	0	0	0	0	0	0	0	2_6_08_06
{Crauste_CellSystems2017}	5	12	24	0	0.75	0.25	0	0	0	0	0	0	0	2_6_10_14
{Crauste_CellSystems2017}	5	12	24	0	0.75	0.25	0	0	0	0	0	0	0	2_6_12_10
{Crauste_CellSystems2017}	5	12	24	0	0.75	0.25	0	0	0	0	0	0	0	2_6_16_08
{Crauste_CellSystems2017}	5	12	24	0	0.75	0.25	0	0	0	0	0	0	0	2_7_08_06
{Crauste_CellSystems2017}	5	12	24	0	0.75	0.25	0	0	0	0	0	0	0	2_7_10_14
{Crauste_CellSystems2017}	5	12	24	0	0.75	0.25	0	0	0	0	0	0	0	2_7_12_10
{Crauste_CellSystems2017}	5	12	24	0	0.75	0.25	0	0	0	0	0	0	0	2_7_16_08
{Crauste_CellSystems2017}	5	12	24	0	0.75	0.25	0	0	0	0	0	0	0	2_8_08_06
{Crauste_CellSystems2017}	5	12	24	0	0.75	0.25	0	0	0	0	0	0	0	2_8_10_14
{Crauste_CellSystems2017}	5	12	24	0	0.75	0.25	0	0	0	0	0	0	0	2_8_12_10
{Crauste_CellSystems2017}	5	12	24	0	0.75	0.25	0	0	0	0	0	0	0	2_8_16_08
{Crauste_CellSystems2017}	5	12	24	0	0.75	0.25	0	0	0	0	0	0	0	2_9_08_06
{Crauste_CellSystems2017}	5	12	24	0	0.75	0.25	0	0	0	0	0	0	0	2_9_10_14
{Crauste_CellSystems2017}	5	12	24	0	0.75	0.25	0	0	0	0	0	0	0	2_9_12_10
{Crauste_CellSystems2017}	5	12	24	0	0.75	0.25	0	0	0	0	0	0	0	2_9_16_08
{Elowitz_Nature2000}	8	16	23	0	0.75	0	0	0	0.25	0	0	0	0	1_1_08_06
{Elowitz_Nature2000}	8	16	23	0	0.75	0	0	0	0.25	0	0	0	0	1_1_10_14
{Elowitz_Nature2000}	8	16	23	0	0.75	0	0	0	0.25	0	0	0	0	1_1_12_10
{Elowitz_Nature2000}	8	16	23	0	0.75	0	0	0	0.25	0	0	0	0	1_1_16_08
{Elowitz_Nature2000}	8	16	23	0	0.75	0	0	0	0.25	0	0	0	0	1_6_08_06
{Elowitz_Nature2000}	8	16	23	0	0.75	0	0	0	0.25	0	0	0	0	1_6_10_14
{Elowitz_Nature2000}	8	16	23	0	0.75	0	0	0	0.25	0	0	0	0	1_6_12_10
{Elowitz_Nature2000}	8	16	23	0	0.75	0	0	0	0.25	0	0	0	0	1_6_16_08
{Elowitz_Nature2000}	8	16	23	0	0.75	0	0	0	0.25	0	0	0	0	1_7_08_06
{Elowitz_Nature2000}	8	16	23	0	0.75	0	0	0	0.25	0	0	0	0	1_7_10_14
{Elowitz_Nature2000}	8	16	23	0	0.75	0	0	0	0.25	0	0	0	0	1_7_12_10
{Elowitz_Nature2000}	8	16	23	0	0.75	0	0	0	0.25	0	0	0	0	1_7_16_08
{Elowitz_Nature2000}	8	16	23	0	0.75	0	0	0	0.25	0	0	0	0	1_8_08_06
{Elowitz_Nature2000}	8	16	23	0	0.75	0	0	0	0.25	0	0	0	0	1_8_10_14
{Elowitz_Nature2000}	8	16	23	0	0.75	0	0	0	0.25	0	0	0	0	1_8_12_10
{Elowitz_Nature2000}	8	16	23	0	0.75	0	0	0	0.25	0	0	0	0	1_8_16_08
{Elowitz_Nature2000}	8	16	23	0	0.75	0	0	0	0.25	0	0	0	0	1_9_08_06
{Elowitz_Nature2000}	8	16	23	0	0.75	0	0	0	0.25	0	0	0	0	1_9_10_14
{Elowitz_Nature2000}	8	16	23	0	0.75	0	0	0	0.25	0	0	0	0	1_9_12_10
{Elowitz_Nature2000}	8	16	23	0	0.75	0	0	0	0.25	0	0	0	0	1_9_16_08
{Elowitz_Nature2000}	8	16	23	0	0.75	0	0	0	0.25	0	0	0	0	2_1_08_06
{Elowitz_Nature2000}	8	16	23	0	0.75	0	0	0	0.25	0	0	0	0	2_1_10_14
{Elowitz_Nature2000}	8	16	23	0	0.75	0	0	0	0.25	0	0	0	0	2_1_12_10
{Elowitz_Nature2000}	8	16	23	0	0.75	0	0	0	0.25	0	0	0	0	2_1_16_08
{Elowitz_Nature2000}	8	16	23	0	0.75	0	0	0	0.25	0	0	0	0	2_6_08_06
{Elowitz_Nature2000}	8	16	23	0	0.75	0	0	0	0.25	0	0	0	0	2_6_10_14
{Elowitz_Nature2000}	8	16	23	0	0.75	0	0	0	0.25	0	0	0	0	2_6_12_10
{Elowitz_Nature2000}	8	16	23	0	0.75	0	0	0	0.25	0	0	0	0	2_6_16_08
{Elowitz_Nature2000}	8	16	23	0	0.75	0	0	0	0.25	0	0	0	0	2_7_08_06
{Elowitz_Nature2000}	8	16	23	0	0.75	0	0	0	0.25	0	0	0	0	2_7_10_14
{Elowitz_Nature2000}	8	16	23	0	0.75	0	0	0	0.25	0	0	0	0	2_7_12_10
{Elowitz_Nature2000}	8	16	23	0	0.75	0	0	0	0.25	0	0	0	0	2_7_16_08
{Elowitz_Nature2000}	8	16	23	0	0.75	0	0	0	0.25	0	0	0	0	2_8_08_06
{Elowitz_Nature2000}	8	16	23	0	0.75	0	0	0	0.25	0	0	0	0	2_8_10_14
{Elowitz_Nature2000}	8	16	23	0	0.75	0	0	0	0.25	0	0	0	0	2_8_12_10
{Elowitz_Nature2000}	8	16	23	0	0.75	0	0	0	0.25	0	0	0	0	2_8_16_08
{Elowitz_Nature2000}	8	16	23	0	0.75	0	0	0	0.25	0	0	0	0	2_9_08_06
{Elowitz_Nature2000}	8	16	23	0	0.75	0	0	0	0.25	0	0	0	0	2_9_10_14
{Elowitz_Nature2000}	8	16	23	0	0.75	0	0	0	0.25	0	0	0	0	2_9_12_10
{Elowitz_Nature2000}	8	16	23	0	0.75	0	0	0	0.25	0	0	0	0	2_9_16_08
{Fiedler_BMC2016}	6	6	26	0	1	0	0	0	0.16666666666666666	0	0	0	0	1_1_08_06
{Fiedler_BMC2016}	6	6	26	0	1	0	0	0	0.16666666666666666	0	0	0	0	1_1_10_14
{Fiedler_BMC2016}	6	6	26	0	1	0	0	0	0.16666666666666666	0	0	0	0	1_1_12_10
{Fiedler_BMC2016}	6	6	26	0	1	0	0	0	0.16666666666666666	0	0	0	0	1_1_16_08
{Fiedler_BMC2016}	6	6	26	0	1	0	0	0	0.16666666666666666	0	0	0	0	1_6_08_06
{Fiedler_BMC2016}	6	6	26	0	1	0	0	0	0.16666666666666666	0	0	0	0	1_6_10_14
{Fiedler_BMC2016}	6	6	26	0	1	0	0	0	0.16666666666666666	0	0	0	0	1_6_12_10
{Fiedler_BMC2016}	6	6	26	0	1	0	0	0	0.16666666666666666	0	0	0	0	1_6_16_08
{Fiedler_BMC2016}	6	6	26	0	1	0	0	0	0.16666666666666666	0	0	0	0	1_7_08_06
{Fiedler_BMC2016}	6	6	26	0	1	0	0	0	0.16666666666666666	0	0	0	0	1_7_10_14
{Fiedler_BMC2016}	6	6	26	0	1	0	0	0	0.16666666666666666	0	0	0	0	1_7_12_10
{Fiedler_BMC2016}	6	6	26	0	1	0	0	0	0.16666666666666666	0	0	0	0	1_7_16_08
{Fiedler_BMC2016}	6	6	26	0	1	0	0	0	0.16666666666666666	0	0	0	0	1_8_08_06
{Fiedler_BMC2016}	6	6	26	0	1	0	0	0	0.16666666666666666	0	0	0	0	1_8_10_14
{Fiedler_BMC2016}	6	6	26	0	1	0	0	0	0.16666666666666666	0	0	0	0	1_8_12_10
{Fiedler_BMC2016}	6	6	26	0	1	0	0	0	0.16666666666666666	0	0	0	0	1_8_16_08
{Fiedler_BMC2016}	6	6	26	0	1	0	0	0	0.16666666666666666	0	0	0	0	1_9_08_06
{Fiedler_BMC2016}	6	6	26	0	1	0	0	0	0.16666666666666666	0	0	0	0	1_9_10_14
{Fiedler_BMC2016}	6	6	26	0	1	0	0	0	0.16666666666666666	0	0	0	0	1_9_12_10
{Fiedler_BMC2016}	6	6	26	0	1	0	0	0	0.16666666666666666	0	0	0	0	1_9_16_08
{Fiedler_BMC2016}	6	6	26	0	1	0	0	0	0.16666666666666666	0	0	0	0	2_1_08_06
{Fiedler_BMC2016}	6	6	26	0	1	0	0	0	0.16666666666666666	0	0	0	0	2_1_10_14
{Fiedler_BMC2016}	6	6	26	0	1	0	0	0	0.16666666666666666	0	0	0	0	2_1_12_10
{Fiedler_BMC2016}	6	6	26	0	1	0	0	0	0.16666666666666666	0	0	0	0	2_1_16_08
{Fiedler_BMC2016}	6	6	26	0	1	0	0	0	0.16666666666666666	0	0	0	0	2_6_08_06
{Fiedler_BMC2016}	6	6	26	0	1	0	0	0	0.16666666666666666	0	0	0	0	2_6_10_14
{Fiedler_BMC2016}	6	6	26	0	1	0	0	0	0.16666666666666666	0	0	0	0	2_6_12_10
{Fiedler_BMC2016}	6	6	26	0	1	0	0	0	0.16666666666666666	0	0	0	0	2_6_16_08
{Fiedler_BMC2016}	6	6	26	0	1	0	0	0	0.16666666666666666	0	0	0	0	2_7_08_06
{Fiedler_BMC2016}	6	6	26	0	1	0	0	0	0.16666666666666666	0	0	0	0	2_7_10_14
{Fiedler_BMC2016}	6	6	26	0	1	0	0	0	0.16666666666666666	0	0	0	0	2_7_12_10
{Fiedler_BMC2016}	6	6	26	0	1	0	0	0	0.16666666666666666	0	0	0	0	2_7_16_08
{Fiedler_BMC2016}	6	6	26	0	1	0	0	0	0.16666666666666666	0	0	0	0	2_8_08_06
{Fiedler_BMC2016}	6	6	26	0	1	0	0	0	0.16666666666666666	0	0	0	0	2_8_10_14
{Fiedler_BMC2016}	6	6	26	0	1	0	0	0	0.16666666666666666	0	0	0	0	2_8_12_10
{Fiedler_BMC2016}	6	6	26	0	1	0	0	0	0.16666666666666666	0	0	0	0	2_8_16_08
{Fiedler_BMC2016}	6	6	26	0	1	0	0	0	0.16666666666666666	0	0	0	0	2_9_08_06
{Fiedler_BMC2016}	6	6	26	0	1	0	0	0	0.16666666666666666	0	0	0	0	2_9_10_14
{Fiedler_BMC2016}	6	6	26	0	1	0	0	0	0.16666666666666666	0	0	0	0	2_9_12_10
{Fiedler_BMC2016}	6	6	26	0	1	0	0	0	0.16666666666666666	0	0	0	0	2_9_16_08
{Fujita_SciSignal2010}	9	11	29	0.09090909090909091	0.9090909090909091	0	0	0	0	0	0	0	0	1_1_08_06
{Fujita_SciSignal2010}	9	11	29	0.09090909090909091	0.9090909090909091	0	0	0	0	0	0	0	0	1_1_10_14
{Fujita_SciSignal2010}	9	11	29	0.09090909090909091	0.9090909090909091	0	0	0	0	0	0	0	0	1_1_12_10
{Fujita_SciSignal2010}	9	11	29	0.09090909090909091	0.9090909090909091	0	0	0	0	0	0	0	0	1_1_16_08
{Fujita_SciSignal2010}	9	11	29	0.09090909090909091	0.9090909090909091	0	0	0	0	0	0	0	0	1_6_08_06
{Fujita_SciSignal2010}	9	11	29	0.09090909090909091	0.9090909090909091	0	0	0	0	0	0	0	0	1_6_10_14
{Fujita_SciSignal2010}	9	11	29	0.09090909090909091	0.9090909090909091	0	0	0	0	0	0	0	0	1_6_12_10
{Fujita_SciSignal2010}	9	11	29	0.09090909090909091	0.9090909090909091	0	0	0	0	0	0	0	0	1_6_16_08
{Fujita_SciSignal2010}	9	11	29	0.09090909090909091	0.9090909090909091	0	0	0	0	0	0	0	0	1_7_08_06
{Fujita_SciSignal2010}	9	11	29	0.09090909090909091	0.9090909090909091	0	0	0	0	0	0	0	0	1_7_10_14
{Fujita_SciSignal2010}	9	11	29	0.09090909090909091	0.9090909090909091	0	0	0	0	0	0	0	0	1_7_12_10
{Fujita_SciSignal2010}	9	11	29	0.09090909090909091	0.9090909090909091	0	0	0	0	0	0	0	0	1_7_16_08
{Fujita_SciSignal2010}	9	11	29	0.09090909090909091	0.9090909090909091	0	0	0	0	0	0	0	0	1_8_08_06
{Fujita_SciSignal2010}	9	11	29	0.09090909090909091	0.9090909090909091	0	0	0	0	0	0	0	0	1_8_10_14
{Fujita_SciSignal2010}	9	11	29	0.09090909090909091	0.9090909090909091	0	0	0	0	0	0	0	0	1_8_12_10
{Fujita_SciSignal2010}	9	11	29	0.09090909090909091	0.9090909090909091	0	0	0	0	0	0	0	0	1_8_16_08
{Fujita_SciSignal2010}	9	11	29	0.09090909090909091	0.9090909090909091	0	0	0	0	0	0	0	0	1_9_08_06
{Fujita_SciSignal2010}	9	11	29	0.09090909090909091	0.9090909090909091	0	0	0	0	0	0	0	0	1_9_10_14
{Fujita_SciSignal2010}	9	11	29	0.09090909090909091	0.9090909090909091	0	0	0	0	0	0	0	0	1_9_12_10
{Fujita_SciSignal2010}	9	11	29	0.09090909090909091	0.9090909090909091	0	0	0	0	0	0	0	0	1_9_16_08
{Fujita_SciSignal2010}	9	11	29	0.09090909090909091	0.9090909090909091	0	0	0	0	0	0	0	0	2_1_08_06
{Fujita_SciSignal2010}	9	11	29	0.09090909090909091	0.9090909090909091	0	0	0	0	0	0	0	0	2_1_10_14
{Fujita_SciSignal2010}	9	11	29	0.09090909090909091	0.9090909090909091	0	0	0	0	0	0	0	0	2_1_12_10
{Fujita_SciSignal2010}	9	11	29	0.09090909090909091	0.9090909090909091	0	0	0	0	0	0	0	0	2_1_16_08
{Fujita_SciSignal2010}	9	11	29	0.09090909090909091	0.9090909090909091	0	0	0	0	0	0	0	0	2_6_08_06
{Fujita_SciSignal2010}	9	11	29	0.09090909090909091	0.9090909090909091	0	0	0	0	0	0	0	0	2_6_10_14
{Fujita_SciSignal2010}	9	11	29	0.09090909090909091	0.9090909090909091	0	0	0	0	0	0	0	0	2_6_12_10
{Fujita_SciSignal2010}	9	11	29	0.09090909090909091	0.9090909090909091	0	0	0	0	0	0	0	0	2_6_16_08
{Fujita_SciSignal2010}	9	11	29	0.09090909090909091	0.9090909090909091	0	0	0	0	0	0	0	0	2_7_08_06
{Fujita_SciSignal2010}	9	11	29	0.09090909090909091	0.9090909090909091	0	0	0	0	0	0	0	0	2_7_10_14
{Fujita_SciSignal2010}	9	11	29	0.09090909090909091	0.9090909090909091	0	0	0	0	0	0	0	0	2_7_12_10
{Fujita_SciSignal2010}	9	11	29	0.09090909090909091	0.9090909090909091	0	0	0	0	0	0	0	0	2_7_16_08
{Fujita_SciSignal2010}	9	11	29	0.09090909090909091	0.9090909090909091	0	0	0	0	0	0	0	0	2_8_08_06
{Fujita_SciSignal2010}	9	11	29	0.09090909090909091	0.9090909090909091	0	0	0	0	0	0	0	0	2_8_10_14
{Fujita_SciSignal2010}	9	11	29	0.09090909090909091	0.9090909090909091	0	0	0	0	0	0	0	0	2_8_12_10
{Fujita_SciSignal2010}	9	11	29	0.09090909090909091	0.9090909090909091	0	0	0	0	0	0	0	0	2_8_16_08
{Fujita_SciSignal2010}	9	11	29	0.09090909090909091	0.9090909090909091	0	0	0	0	0	0	0	0	2_9_08_06
{Fujita_SciSignal2010}	9	11	29	0.09090909090909091	0.9090909090909091	0	0	0	0	0	0	0	0	2_9_10_14
{Fujita_SciSignal2010}	9	11	29	0.09090909090909091	0.9090909090909091	0	0	0	0	0	0	0	0	2_9_12_10
{Fujita_SciSignal2010}	9	11	29	0.09090909090909091	0.9090909090909091	0	0	0	0	0	0	0	0	2_9_16_08
{Hass_PONE2017}	9	16	45	0.0625	0.9375	0	0	0	0	0	0	0	0	1_1_08_06
{Hass_PONE2017}	9	16	45	0.0625	0.9375	0	0	0	0	0	0	0	0	1_1_10_14
{Hass_PONE2017}	9	16	45	0.0625	0.9375	0	0	0	0	0	0	0	0	1_1_12_10
{Hass_PONE2017}	9	16	45	0.0625	0.9375	0	0	0	0	0	0	0	0	1_1_16_08
{Hass_PONE2017}	9	16	45	0.0625	0.9375	0	0	0	0	0	0	0	0	1_6_08_06
{Hass_PONE2017}	9	16	45	0.0625	0.9375	0	0	0	0	0	0	0	0	1_6_10_14
{Hass_PONE2017}	9	16	45	0.0625	0.9375	0	0	0	0	0	0	0	0	1_6_12_10
{Hass_PONE2017}	9	16	45	0.0625	0.9375	0	0	0	0	0	0	0	0	1_6_16_08
{Hass_PONE2017}	9	16	45	0.0625	0.9375	0	0	0	0	0	0	0	0	1_7_08_06
{Hass_PONE2017}	9	16	45	0.0625	0.9375	0	0	0	0	0	0	0	0	1_7_10_14
{Hass_PONE2017}	9	16	45	0.0625	0.9375	0	0	0	0	0	0	0	0	1_7_12_10
{Hass_PONE2017}	9	16	45	0.0625	0.9375	0	0	0	0	0	0	0	0	1_7_16_08
{Hass_PONE2017}	9	16	45	0.0625	0.9375	0	0	0	0	0	0	0	0	1_8_08_06
{Hass_PONE2017}	9	16	45	0.0625	0.9375	0	0	0	0	0	0	0	0	1_8_10_14
{Hass_PONE2017}	9	16	45	0.0625	0.9375	0	0	0	0	0	0	0	0	1_8_12_10
{Hass_PONE2017}	9	16	45	0.0625	0.9375	0	0	0	0	0	0	0	0	1_8_16_08
{Hass_PONE2017}	9	16	45	0.0625	0.9375	0	0	0	0	0	0	0	0	1_9_08_06
{Hass_PONE2017}	9	16	45	0.0625	0.9375	0	0	0	0	0	0	0	0	1_9_10_14
{Hass_PONE2017}	9	16	45	0.0625	0.9375	0	0	0	0	0	0	0	0	1_9_12_10
{Hass_PONE2017}	9	16	45	0.0625	0.9375	0	0	0	0	0	0	0	0	1_9_16_08
{Hass_PONE2017}	9	16	45	0.0625	0.9375	0	0	0	0	0	0	0	0	2_1_08_06
{Hass_PONE2017}	9	16	45	0.0625	0.9375	0	0	0	0	0	0	0	0	2_1_10_14
{Hass_PONE2017}	9	16	45	0.0625	0.9375	0	0	0	0	0	0	0	0	2_1_12_10
{Hass_PONE2017}	9	16	45	0.0625	0.9375	0	0	0	0	0	0	0	0	2_1_16_08
{Hass_PONE2017}	9	16	45	0.0625	0.9375	0	0	0	0	0	0	0	0	2_6_08_06
{Hass_PONE2017}	9	16	45	0.0625	0.9375	0	0	0	0	0	0	0	0	2_6_10_14
{Hass_PONE2017}	9	16	45	0.0625	0.9375	0	0	0	0	0	0	0	0	2_6_12_10
{Hass_PONE2017}	9	16	45	0.0625	0.9375	0	0	0	0	0	0	0	0	2_6_16_08
{Hass_PONE2017}	9	16	45	0.0625	0.9375	0	0	0	0	0	0	0	0	2_7_08_06
{Hass_PONE2017}	9	16	45	0.0625	0.9375	0	0	0	0	0	0	0	0	2_7_10_14
{Hass_PONE2017}	9	16	45	0.0625	0.9375	0	0	0	0	0	0	0	0	2_7_12_10
{Hass_PONE2017}	9	16	45	0.0625	0.9375	0	0	0	0	0	0	0	0	2_7_16_08
{Hass_PONE2017}	9	16	45	0.0625	0.9375	0	0	0	0	0	0	0	0	2_8_08_06
{Hass_PONE2017}	9	16	45	0.0625	0.9375	0	0	0	0	0	0	0	0	2_8_10_14
{Hass_PONE2017}	9	16	45	0.0625	0.9375	0	0	0	0	0	0	0	0	2_8_12_10
{Hass_PONE2017}	9	16	45	0.0625	0.9375	0	0	0	0	0	0	0	0	2_8_16_08
{Hass_PONE2017}	9	16	45	0.0625	0.9375	0	0	0	0	0	0	0	0	2_9_08_06
{Hass_PONE2017}	9	16	45	0.0625	0.9375	0	0	0	0	0	0	0	0	2_9_10_14
{Hass_PONE2017}	9	16	45	0.0625	0.9375	0	0	0	0	0	0	0	0	2_9_12_10
{Hass_PONE2017}	9	16	45	0.0625	0.9375	0	0	0	0	0	0	0	0	2_9_16_08
{Isensee_JCB2018}	25	43	92	0	1	0	0	0	0.06976744186046512	0	0	0	0	1_1_08_06
{Isensee_JCB2018}	25	43	92	0	1	0	0	0	0.06976744186046512	0	0	0	0	1_1_10_14
{Isensee_JCB2018}	25	43	92	0	1	0	0	0	0.06976744186046512	0	0	0	0	1_1_12_10
{Isensee_JCB2018}	25	43	92	0	1	0	0	0	0.06976744186046512	0	0	0	0	1_1_16_08
{Isensee_JCB2018}	25	43	92	0	1	0	0	0	0.06976744186046512	0	0	0	0	1_6_08_06
{Isensee_JCB2018}	25	43	92	0	1	0	0	0	0.06976744186046512	0	0	0	0	1_6_10_14
{Isensee_JCB2018}	25	43	92	0	1	0	0	0	0.06976744186046512	0	0	0	0	1_6_12_10
{Isensee_JCB2018}	25	43	92	0	1	0	0	0	0.06976744186046512	0	0	0	0	1_6_16_08
{Isensee_JCB2018}	25	43	92	0	1	0	0	0	0.06976744186046512	0	0	0	0	1_7_08_06
{Isensee_JCB2018}	25	43	92	0	1	0	0	0	0.06976744186046512	0	0	0	0	1_7_10_14
{Isensee_JCB2018}	25	43	92	0	1	0	0	0	0.06976744186046512	0	0	0	0	1_7_12_10
{Isensee_JCB2018}	25	43	92	0	1	0	0	0	0.06976744186046512	0	0	0	0	1_7_16_08
{Isensee_JCB2018}	25	43	92	0	1	0	0	0	0.06976744186046512	0	0	0	0	1_8_08_06
{Isensee_JCB2018}	25	43	92	0	1	0	0	0	0.06976744186046512	0	0	0	0	1_8_10_14
{Isensee_JCB2018}	25	43	92	0	1	0	0	0	0.06976744186046512	0	0	0	0	1_8_12_10
{Isensee_JCB2018}	25	43	92	0	1	0	0	0	0.06976744186046512	0	0	0	0	1_8_16_08
{Isensee_JCB2018}	25	43	92	0	1	0	0	0	0.06976744186046512	0	0	0	0	1_9_08_06
{Isensee_JCB2018}	25	43	92	0	1	0	0	0	0.06976744186046512	0	0	0	0	1_9_10_14
{Isensee_JCB2018}	25	43	92	0	1	0	0	0	0.06976744186046512	0	0	0	0	1_9_12_10
{Isensee_JCB2018}	25	43	92	0	1	0	0	0	0.06976744186046512	0	0	0	0	1_9_16_08
{Isensee_JCB2018}	25	43	92	0	1	0	0	0	0.06976744186046512	0	0	0	0	2_1_08_06
{Isensee_JCB2018}	25	43	92	0	1	0	0	0	0.06976744186046512	0	0	0	0	2_1_10_14
{Isensee_JCB2018}	25	43	92	0	1	0	0	0	0.06976744186046512	0	0	0	0	2_1_12_10
{Isensee_JCB2018}	25	43	92	0	1	0	0	0	0.06976744186046512	0	0	0	0	2_1_16_08
{Isensee_JCB2018}	25	43	92	0	1	0	0	0	0.06976744186046512	0	0	0	0	2_6_08_06
{Isensee_JCB2018}	25	43	92	0	1	0	0	0	0.06976744186046512	0	0	0	0	2_6_10_14
{Isensee_JCB2018}	25	43	92	0	1	0	0	0	0.06976744186046512	0	0	0	0	2_6_12_10
{Isensee_JCB2018}	25	43	92	0	1	0	0	0	0.06976744186046512	0	0	0	0	2_6_16_08
{Isensee_JCB2018}	25	43	92	0	1	0	0	0	0.06976744186046512	0	0	0	0	2_7_08_06
{Isensee_JCB2018}	25	43	92	0	1	0	0	0	0.06976744186046512	0	0	0	0	2_7_10_14
{Isensee_JCB2018}	25	43	92	0	1	0	0	0	0.06976744186046512	0	0	0	0	2_7_12_10
{Isensee_JCB2018}	25	43	92	0	1	0	0	0	0.06976744186046512	0	0	0	0	2_7_16_08
{Isensee_JCB2018}	25	43	92	0	1	0	0	0	0.06976744186046512	0	0	0	0	2_8_08_06
{Isensee_JCB2018}	25	43	92	0	1	0	0	0	0.06976744186046512	0	0	0	0	2_8_10_14
{Isensee_JCB2018}	25	43	92	0	1	0	0	0	0.06976744186046512	0	0	0	0	2_8_12_10
{Isensee_JCB2018}	25	43	92	0	1	0	0	0	0.06976744186046512	0	0	0	0	2_8_16_08
{Isensee_JCB2018}	25	43	92	0	1	0	0	0	0.06976744186046512	0	0	0	0	2_9_08_06
{Isensee_JCB2018}	25	43	92	0	1	0	0	0	0.06976744186046512	0	0	0	0	2_9_10_14
{Isensee_JCB2018}	25	43	92	0	1	0	0	0	0.06976744186046512	0	0	0	0	2_9_12_10
{Isensee_JCB2018}	25	43	92	0	1	0	0	0	0.06976744186046512	0	0	0	0	2_9_16_08
{Lucarelli_CellSystems2018}	33	57	241	0	0.7368421052631579	0.12280701754385964	0.05263157894736842	0	0	0	0	0	0.21052631578947367	1_1_08_06
{Lucarelli_CellSystems2018}	33	57	241	0	0.7368421052631579	0.12280701754385964	0.05263157894736842	0	0	0	0	0	0.21052631578947367	1_1_10_14
{Lucarelli_CellSystems2018}	33	57	241	0	0.7368421052631579	0.12280701754385964	0.05263157894736842	0	0	0	0	0	0.21052631578947367	1_1_12_10
{Lucarelli_CellSystems2018}	33	57	241	0	0.7368421052631579	0.12280701754385964	0.05263157894736842	0	0	0	0	0	0.21052631578947367	1_1_16_08
{Lucarelli_CellSystems2018}	33	57	241	0	0.7368421052631579	0.12280701754385964	0.05263157894736842	0	0	0	0	0	0.21052631578947367	1_6_08_06
{Lucarelli_CellSystems2018}	33	57	241	0	0.7368421052631579	0.12280701754385964	0.05263157894736842	0	0	0	0	0	0.21052631578947367	1_6_10_14
{Lucarelli_CellSystems2018}	33	57	241	0	0.7368421052631579	0.12280701754385964	0.05263157894736842	0	0	0	0	0	0.21052631578947367	1_6_12_10
{Lucarelli_CellSystems2018}	33	57	241	0	0.7368421052631579	0.12280701754385964	0.05263157894736842	0	0	0	0	0	0.21052631578947367	1_6_16_08
{Lucarelli_CellSystems2018}	33	57	241	0	0.7368421052631579	0.12280701754385964	0.05263157894736842	0	0	0	0	0	0.21052631578947367	1_7_08_06
{Lucarelli_CellSystems2018}	33	57	241	0	0.7368421052631579	0.12280701754385964	0.05263157894736842	0	0	0	0	0	0.21052631578947367	1_7_10_14
{Lucarelli_CellSystems2018}	33	57	241	0	0.7368421052631579	0.12280701754385964	0.05263157894736842	0	0	0	0	0	0.21052631578947367	1_7_12_10
{Lucarelli_CellSystems2018}	33	57	241	0	0.7368421052631579	0.12280701754385964	0.05263157894736842	0	0	0	0	0	0.21052631578947367	1_7_16_08
{Lucarelli_CellSystems2018}	33	57	241	0	0.7368421052631579	0.12280701754385964	0.05263157894736842	0	0	0	0	0	0.21052631578947367	1_8_08_06
{Lucarelli_CellSystems2018}	33	57	241	0	0.7368421052631579	0.12280701754385964	0.05263157894736842	0	0	0	0	0	0.21052631578947367	1_8_10_14
{Lucarelli_CellSystems2018}	33	57	241	0	0.7368421052631579	0.12280701754385964	0.05263157894736842	0	0	0	0	0	0.21052631578947367	1_8_12_10
{Lucarelli_CellSystems2018}	33	57	241	0	0.7368421052631579	0.12280701754385964	0.05263157894736842	0	0	0	0	0	0.21052631578947367	1_8_16_08
{Lucarelli_CellSystems2018}	33	57	241	0	0.7368421052631579	0.12280701754385964	0.05263157894736842	0	0	0	0	0	0.21052631578947367	1_9_08_06
{Lucarelli_CellSystems2018}	33	57	241	0	0.7368421052631579	0.12280701754385964	0.05263157894736842	0	0	0	0	0	0.21052631578947367	1_9_10_14
{Lucarelli_CellSystems2018}	33	57	241	0	0.7368421052631579	0.12280701754385964	0.05263157894736842	0	0	0	0	0	0.21052631578947367	1_9_12_10
{Lucarelli_CellSystems2018}	33	57	241	0	0.7368421052631579	0.12280701754385964	0.05263157894736842	0	0	0	0	0	0.21052631578947367	1_9_16_08
{Lucarelli_CellSystems2018}	33	57	241	0	0.7368421052631579	0.12280701754385964	0.05263157894736842	0	0	0	0	0	0.21052631578947367	2_1_08_06
{Lucarelli_CellSystems2018}	33	57	241	0	0.7368421052631579	0.12280701754385964	0.05263157894736842	0	0	0	0	0	0.21052631578947367	2_1_10_14
{Lucarelli_CellSystems2018}	33	57	241	0	0.7368421052631579	0.12280701754385964	0.05263157894736842	0	0	0	0	0	0.21052631578947367	2_1_12_10
{Lucarelli_CellSystems2018}	33	57	241	0	0.7368421052631579	0.12280701754385964	0.05263157894736842	0	0	0	0	0	0.21052631578947367	2_1_16_08
{Lucarelli_CellSystems2018}	33	57	241	0	0.7368421052631579	0.12280701754385964	0.05263157894736842	0	0	0	0	0	0.21052631578947367	2_6_08_06
{Lucarelli_CellSystems2018}	33	57	241	0	0.7368421052631579	0.12280701754385964	0.05263157894736842	0	0	0	0	0	0.21052631578947367	2_6_10_14
{Lucarelli_CellSystems2018}	33	57	241	0	0.7368421052631579	0.12280701754385964	0.05263157894736842	0	0	0	0	0	0.21052631578947367	2_6_12_10
{Lucarelli_CellSystems2018}	33	57	241	0	0.7368421052631579	0.12280701754385964	0.05263157894736842	0	0	0	0	0	0.21052631578947367	2_6_16_08
{Lucarelli_CellSystems2018}	33	57	241	0	0.7368421052631579	0.12280701754385964	0.05263157894736842	0	0	0	0	0	0.21052631578947367	2_7_08_06
{Lucarelli_CellSystems2018}	33	57	241	0	0.7368421052631579	0.12280701754385964	0.05263157894736842	0	0	0	0	0	0.21052631578947367	2_7_10_14
{Lucarelli_CellSystems2018}	33	57	241	0	0.7368421052631579	0.12280701754385964	0.05263157894736842	0	0	0	0	0	0.21052631578947367	2_7_12_10
{Lucarelli_CellSystems2018}	33	57	241	0	0.7368421052631579	0.12280701754385964	0.05263157894736842	0	0	0	0	0	0.21052631578947367	2_7_16_08
{Lucarelli_CellSystems2018}	33	57	241	0	0.7368421052631579	0.12280701754385964	0.05263157894736842	0	0	0	0	0	0.21052631578947367	2_8_08_06
{Lucarelli_CellSystems2018}	33	57	241	0	0.7368421052631579	0.12280701754385964	0.05263157894736842	0	0	0	0	0	0.21052631578947367	2_8_10_14
{Lucarelli_CellSystems2018}	33	57	241	0	0.7368421052631579	0.12280701754385964	0.05263157894736842	0	0	0	0	0	0.21052631578947367	2_8_12_10
{Lucarelli_CellSystems2018}	33	57	241	0	0.7368421052631579	0.12280701754385964	0.05263157894736842	0	0	0	0	0	0.21052631578947367	2_8_16_08
{Lucarelli_CellSystems2018}	33	57	241	0	0.7368421052631579	0.12280701754385964	0.05263157894736842	0	0	0	0	0	0.21052631578947367	2_9_08_06
{Lucarelli_CellSystems2018}	33	57	241	0	0.7368421052631579	0.12280701754385964	0.05263157894736842	0	0	0	0	0	0.21052631578947367	2_9_10_14
{Lucarelli_CellSystems2018}	33	57	241	0	0.7368421052631579	0.12280701754385964	0.05263157894736842	0	0	0	0	0	0.21052631578947367	2_9_12_10
{Lucarelli_CellSystems2018}	33	57	241	0	0.7368421052631579	0.12280701754385964	0.05263157894736842	0	0	0	0	0	0.21052631578947367	2_9_16_08
{Parmar_PCB2019}	24	58	117	0.034482758620689655	0.7586206896551724	0	0	0	0.20689655172413793	0	0	0	0.1724137931034483	1_1_08_06
{Parmar_PCB2019}	24	58	117	0.034482758620689655	0.7586206896551724	0	0	0	0.20689655172413793	0	0	0	0.1724137931034483	1_1_10_14
{Parmar_PCB2019}	24	58	117	0.034482758620689655	0.7586206896551724	0	0	0	0.20689655172413793	0	0	0	0.1724137931034483	1_1_12_10
{Parmar_PCB2019}	24	58	117	0.034482758620689655	0.7586206896551724	0	0	0	0.20689655172413793	0	0	0	0.1724137931034483	1_1_16_08
{Parmar_PCB2019}	24	58	117	0.034482758620689655	0.7586206896551724	0	0	0	0.20689655172413793	0	0	0	0.1724137931034483	1_6_08_06
{Parmar_PCB2019}	24	58	117	0.034482758620689655	0.7586206896551724	0	0	0	0.20689655172413793	0	0	0	0.1724137931034483	1_6_10_14
{Parmar_PCB2019}	24	58	117	0.034482758620689655	0.7586206896551724	0	0	0	0.20689655172413793	0	0	0	0.1724137931034483	1_6_12_10
{Parmar_PCB2019}	24	58	117	0.034482758620689655	0.7586206896551724	0	0	0	0.20689655172413793	0	0	0	0.1724137931034483	1_6_16_08
{Parmar_PCB2019}	24	58	117	0.034482758620689655	0.7586206896551724	0	0	0	0.20689655172413793	0	0	0	0.1724137931034483	1_7_08_06
{Parmar_PCB2019}	24	58	117	0.034482758620689655	0.7586206896551724	0	0	0	0.20689655172413793	0	0	0	0.1724137931034483	1_7_10_14
{Parmar_PCB2019}	24	58	117	0.034482758620689655	0.7586206896551724	0	0	0	0.20689655172413793	0	0	0	0.1724137931034483	1_7_12_10
{Parmar_PCB2019}	24	58	117	0.034482758620689655	0.7586206896551724	0	0	0	0.20689655172413793	0	0	0	0.1724137931034483	1_7_16_08
{Parmar_PCB2019}	24	58	117	0.034482758620689655	0.7586206896551724	0	0	0	0.20689655172413793	0	0	0	0.1724137931034483	1_8_08_06
{Parmar_PCB2019}	24	58	117	0.034482758620689655	0.7586206896551724	0	0	0	0.20689655172413793	0	0	0	0.1724137931034483	1_8_10_14
{Parmar_PCB2019}	24	58	117	0.034482758620689655	0.7586206896551724	0	0	0	0.20689655172413793	0	0	0	0.1724137931034483	1_8_12_10
{Parmar_PCB2019}	24	58	117	0.034482758620689655	0.7586206896551724	0	0	0	0.20689655172413793	0	0	0	0.1724137931034483	1_8_16_08
{Parmar_PCB2019}	24	58	117	0.034482758620689655	0.7586206896551724	0	0	0	0.20689655172413793	0	0	0	0.1724137931034483	1_9_08_06
{Parmar_PCB2019}	24	58	117	0.034482758620689655	0.7586206896551724	0	0	0	0.20689655172413793	0	0	0	0.1724137931034483	1_9_10_14
{Parmar_PCB2019}	24	58	117	0.034482758620689655	0.7586206896551724	0	0	0	0.20689655172413793	0	0	0	0.1724137931034483	1_9_12_10
{Parmar_PCB2019}	24	58	117	0.034482758620689655	0.7586206896551724	0	0	0	0.20689655172413793	0	0	0	0.1724137931034483	1_9_16_08
{Parmar_PCB2019}	24	58	117	0.034482758620689655	0.7586206896551724	0	0	0	0.20689655172413793	0	0	0	0.1724137931034483	2_1_08_06
{Parmar_PCB2019}	24	58	117	0.034482758620689655	0.7586206896551724	0	0	0	0.20689655172413793	0	0	0	0.1724137931034483	2_1_10_14
{Parmar_PCB2019}	24	58	117	0.034482758620689655	0.7586206896551724	0	0	0	0.20689655172413793	0	0	0	0.1724137931034483	2_1_12_10
{Parmar_PCB2019}	24	58	117	0.034482758620689655	0.7586206896551724	0	0	0	0.20689655172413793	0	0	0	0.1724137931034483	2_1_16_08
{Parmar_PCB2019}	24	58	117	0.034482758620689655	0.7586206896551724	0	0	0	0.20689655172413793	0	0	0	0.1724137931034483	2_6_08_06
{Parmar_PCB2019}	24	58	117	0.034482758620689655	0.7586206896551724	0	0	0	0.20689655172413793	0	0	0	0.1724137931034483	2_6_10_14
{Parmar_PCB2019}	24	58	117	0.034482758620689655	0.7586206896551724	0	0	0	0.20689655172413793	0	0	0	0.1724137931034483	2_6_12_10
{Parmar_PCB2019}	24	58	117	0.034482758620689655	0.7586206896551724	0	0	0	0.20689655172413793	0	0	0	0.1724137931034483	2_6_16_08
{Parmar_PCB2019}	24	58	117	0.034482758620689655	0.7586206896551724	0	0	0	0.20689655172413793	0	0	0	0.1724137931034483	2_7_08_06
{Parmar_PCB2019}	24	58	117	0.034482758620689655	0.7586206896551724	0	0	0	0.20689655172413793	0	0	0	0.1724137931034483	2_7_10_14
{Parmar_PCB2019}	24	58	117	0.034482758620689655	0.7586206896551724	0	0	0	0.20689655172413793	0	0	0	0.1724137931034483	2_7_12_10
{Parmar_PCB2019}	24	58	117	0.034482758620689655	0.7586206896551724	0	0	0	0.20689655172413793	0	0	0	0.1724137931034483	2_7_16_08
{Parmar_PCB2019}	24	58	117	0.034482758620689655	0.7586206896551724	0	0	0	0.20689655172413793	0	0	0	0.1724137931034483	2_8_08_06
{Parmar_PCB2019}	24	58	117	0.034482758620689655	0.7586206896551724	0	0	0	0.20689655172413793	0	0	0	0.1724137931034483	2_8_10_14
{Parmar_PCB2019}	24	58	117	0.034482758620689655	0.7586206896551724	0	0	0	0.20689655172413793	0	0	0	0.1724137931034483	2_8_12_10
{Parmar_PCB2019}	24	58	117	0.034482758620689655	0.7586206896551724	0	0	0	0.20689655172413793	0	0	0	0.1724137931034483	2_8_16_08
{Parmar_PCB2019}	24	58	117	0.034482758620689655	0.7586206896551724	0	0	0	0.20689655172413793	0	0	0	0.1724137931034483	2_9_08_06
{Parmar_PCB2019}	24	58	117	0.034482758620689655	0.7586206896551724	0	0	0	0.20689655172413793	0	0	0	0.1724137931034483	2_9_10_14
{Parmar_PCB2019}	24	58	117	0.034482758620689655	0.7586206896551724	0	0	0	0.20689655172413793	0	0	0	0.1724137931034483	2_9_12_10
{Parmar_PCB2019}	24	58	117	0.034482758620689655	0.7586206896551724	0	0	0	0.20689655172413793	0	0	0	0.1724137931034483	2_9_16_08
{Raia_CancerResearch2011}	14	16	56	0	0.9375	0	0	0	0.125	0	0	0	0.0625	1_1_08_06
{Raia_CancerResearch2011}	14	16	56	0	0.9375	0	0	0	0.125	0	0	0	0.0625	1_1_10_14
{Raia_CancerResearch2011}	14	16	56	0	0.9375	0	0	0	0.125	0	0	0	0.0625	1_1_12_10
{Raia_CancerResearch2011}	14	16	56	0	0.9375	0	0	0	0.125	0	0	0	0.0625	1_1_16_08
{Raia_CancerResearch2011}	14	16	56	0	0.9375	0	0	0	0.125	0	0	0	0.0625	1_6_08_06
{Raia_CancerResearch2011}	14	16	56	0	0.9375	0	0	0	0.125	0	0	0	0.0625	1_6_10_14
{Raia_CancerResearch2011}	14	16	56	0	0.9375	0	0	0	0.125	0	0	0	0.0625	1_6_12_10
{Raia_CancerResearch2011}	14	16	56	0	0.9375	0	0	0	0.125	0	0	0	0.0625	1_6_16_08
{Raia_CancerResearch2011}	14	16	56	0	0.9375	0	0	0	0.125	0	0	0	0.0625	1_7_08_06
{Raia_CancerResearch2011}	14	16	56	0	0.9375	0	0	0	0.125	0	0	0	0.0625	1_7_10_14
{Raia_CancerResearch2011}	14	16	56	0	0.9375	0	0	0	0.125	0	0	0	0.0625	1_7_12_10
{Raia_CancerResearch2011}	14	16	56	0	0.9375	0	0	0	0.125	0	0	0	0.0625	1_7_16_08
{Raia_CancerResearch2011}	14	16	56	0	0.9375	0	0	0	0.125	0	0	0	0.0625	1_8_08_06
{Raia_CancerResearch2011}	14	16	56	0	0.9375	0	0	0	0.125	0	0	0	0.0625	1_8_10_14
{Raia_CancerResearch2011}	14	16	56	0	0.9375	0	0	0	0.125	0	0	0	0.0625	1_8_12_10
{Raia_CancerResearch2011}	14	16	56	0	0.9375	0	0	0	0.125	0	0	0	0.0625	1_8_16_08
{Raia_CancerResearch2011}	14	16	56	0	0.9375	0	0	0	0.125	0	0	0	0.0625	1_9_08_06
{Raia_CancerResearch2011}	14	16	56	0	0.9375	0	0	0	0.125	0	0	0	0.0625	1_9_10_14
{Raia_CancerResearch2011}	14	16	56	0	0.9375	0	0	0	0.125	0	0	0	0.0625	1_9_12_10
{Raia_CancerResearch2011}	14	16	56	0	0.9375	0	0	0	0.125	0	0	0	0.0625	1_9_16_08
{Raia_CancerResearch2011}	14	16	56	0	0.9375	0	0	0	0.125	0	0	0	0.0625	2_1_08_06
{Raia_CancerResearch2011}	14	16	56	0	0.9375	0	0	0	0.125	0	0	0	0.0625	2_1_10_14
{Raia_CancerResearch2011}	14	16	56	0	0.9375	0	0	0	0.125	0	0	0	0.0625	2_1_12_10
{Raia_CancerResearch2011}	14	16	56	0	0.9375	0	0	0	0.125	0	0	0	0.0625	2_1_16_08
{Raia_CancerResearch2011}	14	16	56	0	0.9375	0	0	0	0.125	0	0	0	0.0625	2_6_08_06
{Raia_CancerResearch2011}	14	16	56	0	0.9375	0	0	0	0.125	0	0	0	0.0625	2_6_10_14
{Raia_CancerResearch2011}	14	16	56	0	0.9375	0	0	0	0.125	0	0	0	0.0625	2_6_12_10
{Raia_CancerResearch2011}	14	16	56	0	0.9375	0	0	0	0.125	0	0	0	0.0625	2_6_16_08
{Raia_CancerResearch2011}	14	16	56	0	0.9375	0	0	0	0.125	0	0	0	0.0625	2_7_08_06
{Raia_CancerResearch2011}	14	16	56	0	0.9375	0	0	0	0.125	0	0	0	0.0625	2_7_10_14
{Raia_CancerResearch2011}	14	16	56	0	0.9375	0	0	0	0.125	0	0	0	0.0625	2_7_12_10
{Raia_CancerResearch2011}	14	16	56	0	0.9375	0	0	0	0.125	0	0	0	0.0625	2_7_16_08
{Raia_CancerResearch2011}	14	16	56	0	0.9375	0	0	0	0.125	0	0	0	0.0625	2_8_08_06
{Raia_CancerResearch2011}	14	16	56	0	0.9375	0	0	0	0.125	0	0	0	0.0625	2_8_10_14
{Raia_CancerResearch2011}	14	16	56	0	0.9375	0	0	0	0.125	0	0	0	0.0625	2_8_12_10
{Raia_CancerResearch2011}	14	16	56	0	0.9375	0	0	0	0.125	0	0	0	0.0625	2_8_16_08
{Raia_CancerResearch2011}	14	16	56	0	0.9375	0	0	0	0.125	0	0	0	0.0625	2_9_08_06
{Raia_CancerResearch2011}	14	16	56	0	0.9375	0	0	0	0.125	0	0	0	0.0625	2_9_10_14
{Raia_CancerResearch2011}	14	16	56	0	0.9375	0	0	0	0.125	0	0	0	0.0625	2_9_12_10
{Raia_CancerResearch2011}	14	16	56	0	0.9375	0	0	0	0.125	0	0	0	0.0625	2_9_16_08
{Schwen_PONE2014}	11	14	36	0	1	0	0	0	0	0	0	0	0	1_1_08_06
{Schwen_PONE2014}	11	14	36	0	1	0	0	0	0	0	0	0	0	1_1_10_14
{Schwen_PONE2014}	11	14	36	0	1	0	0	0	0	0	0	0	0	1_1_12_10
{Schwen_PONE2014}	11	14	36	0	1	0	0	0	0	0	0	0	0	1_1_16_08
{Schwen_PONE2014}	11	14	36	0	1	0	0	0	0	0	0	0	0	1_6_08_06
{Schwen_PONE2014}	11	14	36	0	1	0	0	0	0	0	0	0	0	1_6_10_14
{Schwen_PONE2014}	11	14	36	0	1	0	0	0	0	0	0	0	0	1_6_12_10
{Schwen_PONE2014}	11	14	36	0	1	0	0	0	0	0	0	0	0	1_6_16_08
{Schwen_PONE2014}	11	14	36	0	1	0	0	0	0	0	0	0	0	1_7_08_06
{Schwen_PONE2014}	11	14	36	0	1	0	0	0	0	0	0	0	0	1_7_10_14
{Schwen_PONE2014}	11	14	36	0	1	0	0	0	0	0	0	0	0	1_7_12_10
{Schwen_PONE2014}	11	14	36	0	1	0	0	0	0	0	0	0	0	1_7_16_08
{Schwen_PONE2014}	11	14	36	0	1	0	0	0	0	0	0	0	0	1_8_08_06
{Schwen_PONE2014}	11	14	36	0	1	0	0	0	0	0	0	0	0	1_8_10_14
{Schwen_PONE2014}	11	14	36	0	1	0	0	0	0	0	0	0	0	1_8_12_10
{Schwen_PONE2014}	11	14	36	0	1	0	0	0	0	0	0	0	0	1_8_16_08
{Schwen_PONE2014}	11	14	36	0	1	0	0	0	0	0	0	0	0	1_9_08_06
{Schwen_PONE2014}	11	14	36	0	1	0	0	0	0	0	0	0	0	1_9_10_14
{Schwen_PONE2014}	11	14	36	0	1	0	0	0	0	0	0	0	0	1_9_12_10
{Schwen_PONE2014}	11	14	36	0	1	0	0	0	0	0	0	0	0	1_9_16_08
{Schwen_PONE2014}	11	14	36	0	1	0	0	0	0	0	0	0	0	2_1_08_06
{Schwen_PONE2014}	11	14	36	0	1	0	0	0	0	0	0	0	0	2_1_10_14
{Schwen_PONE2014}	11	14	36	0	1	0	0	0	0	0	0	0	0	2_1_12_10
{Schwen_PONE2014}	11	14	36	0	1	0	0	0	0	0	0	0	0	2_1_16_08
{Schwen_PONE2014}	11	14	36	0	1	0	0	0	0	0	0	0	0	2_6_08_06
{Schwen_PONE2014}	11	14	36	0	1	0	0	0	0	0	0	0	0	2_6_10_14
{Schwen_PONE2014}	11	14	36	0	1	0	0	0	0	0	0	0	0	2_6_12_10
{Schwen_PONE2014}	11	14	36	0	1	0	0	0	0	0	0	0	0	2_6_16_08
{Schwen_PONE2014}	11	14	36	0	1	0	0	0	0	0	0	0	0	2_7_08_06
{Schwen_PONE2014}	11	14	36	0	1	0	0	0	0	0	0	0	0	2_7_10_14
{Schwen_PONE2014}	11	14	36	0	1	0	0	0	0	0	0	0	0	2_7_12_10
{Schwen_PONE2014}	11	14	36	0	1	0	0	0	0	0	0	0	0	2_7_16_08
{Schwen_PONE2014}	11	14	36	0	1	0	0	0	0	0	0	0	0	2_8_08_06
{Schwen_PONE2014}	11	14	36	0	1	0	0	0	0	0	0	0	0	2_8_10_14
{Schwen_PONE2014}	11	14	36	0	1	0	0	0	0	0	0	0	0	2_8_12_10
{Schwen_PONE2014}	11	14	36	0	1	0	0	0	0	0	0	0	0	2_8_16_08
{Schwen_PONE2014}	11	14	36	0	1	0	0	0	0	0	0	0	0	2_9_08_06
{Schwen_PONE2014}	11	14	36	0	1	0	0	0	0	0	0	0	0	2_9_10_14
{Schwen_PONE2014}	11	14	36	0	1	0	0	0	0	0	0	0	0	2_9_12_10
{Schwen_PONE2014}	11	14	36	0	1	0	0	0	0	0	0	0	0	2_9_16_08
{Sneyd_PNAS2002}	6	10	22	0	1	0	0	0	0	0	0	0	0	1_1_08_06
{Sneyd_PNAS2002}	6	10	22	0	1	0	0	0	0	0	0	0	0	1_1_10_14
{Sneyd_PNAS2002}	6	10	22	0	1	0	0	0	0	0	0	0	0	1_1_12_10
{Sneyd_PNAS2002}	6	10	22	0	1	0	0	0	0	0	0	0	0	1_1_16_08
{Sneyd_PNAS2002}	6	10	22	0	1	0	0	0	0	0	0	0	0	1_6_08_06
{Sneyd_PNAS2002}	6	10	22	0	1	0	0	0	0	0	0	0	0	1_6_10_14
{Sneyd_PNAS2002}	6	10	22	0	1	0	0	0	0	0	0	0	0	1_6_12_10
{Sneyd_PNAS2002}	6	10	22	0	1	0	0	0	0	0	0	0	0	1_6_16_08
{Sneyd_PNAS2002}	6	10	22	0	1	0	0	0	0	0	0	0	0	1_7_08_06
{Sneyd_PNAS2002}	6	10	22	0	1	0	0	0	0	0	0	0	0	1_7_10_14
{Sneyd_PNAS2002}	6	10	22	0	1	0	0	0	0	0	0	0	0	1_7_12_10
{Sneyd_PNAS2002}	6	10	22	0	1	0	0	0	0	0	0	0	0	1_7_16_08
{Sneyd_PNAS2002}	6	10	22	0	1	0	0	0	0	0	0	0	0	1_8_08_06
{Sneyd_PNAS2002}	6	10	22	0	1	0	0	0	0	0	0	0	0	1_8_10_14
{Sneyd_PNAS2002}	6	10	22	0	1	0	0	0	0	0	0	0	0	1_8_12_10
{Sneyd_PNAS2002}	6	10	22	0	1	0	0	0	0	0	0	0	0	1_8_16_08
{Sneyd_PNAS2002}	6	10	22	0	1	0	0	0	0	0	0	0	0	1_9_08_06
{Sneyd_PNAS2002}	6	10	22	0	1	0	0	0	0	0	0	0	0	1_9_10_14
{Sneyd_PNAS2002}	6	10	22	0	1	0	0	0	0	0	0	0	0	1_9_12_10
{Sneyd_PNAS2002}	6	10	22	0	1	0	0	0	0	0	0	0	0	1_9_16_08
{Sneyd_PNAS2002}	6	10	22	0	1	0	0	0	0	0	0	0	0	2_1_08_06
{Sneyd_PNAS2002}	6	10	22	0	1	0	0	0	0	0	0	0	0	2_1_10_14
{Sneyd_PNAS2002}	6	10	22	0	1	0	0	0	0	0	0	0	0	2_1_12_10
{Sneyd_PNAS2002}	6	10	22	0	1	0	0	0	0	0	0	0	0	2_1_16_08
{Sneyd_PNAS2002}	6	10	22	0	1	0	0	0	0	0	0	0	0	2_6_08_06
{Sneyd_PNAS2002}	6	10	22	0	1	0	0	0	0	0	0	0	0	2_6_10_14
{Sneyd_PNAS2002}	6	10	22	0	1	0	0	0	0	0	0	0	0	2_6_12_10
{Sneyd_PNAS2002}	6	10	22	0	1	0	0	0	0	0	0	0	0	2_6_16_08
{Sneyd_PNAS2002}	6	10	22	0	1	0	0	0	0	0	0	0	0	2_7_08_06
{Sneyd_PNAS2002}	6	10	22	0	1	0	0	0	0	0	0	0	0	2_7_10_14
{Sneyd_PNAS2002}	6	10	22	0	1	0	0	0	0	0	0	0	0	2_7_12_10
{Sneyd_PNAS2002}	6	10	22	0	1	0	0	0	0	0	0	0	0	2_7_16_08
{Sneyd_PNAS2002}	6	10	22	0	1	0	0	0	0	0	0	0	0	2_8_08_06
{Sneyd_PNAS2002}	6	10	22	0	1	0	0	0	0	0	0	0	0	2_8_10_14
{Sneyd_PNAS2002}	6	10	22	0	1	0	0	0	0	0	0	0	0	2_8_12_10
{Sneyd_PNAS2002}	6	10	22	0	1	0	0	0	0	0	0	0	0	2_8_16_08
{Sneyd_PNAS2002}	6	10	22	0	1	0	0	0	0	0	0	0	0	2_9_08_06
{Sneyd_PNAS2002}	6	10	22	0	1	0	0	0	0	0	0	0	0	2_9_10_14
{Sneyd_PNAS2002}	6	10	22	0	1	0	0	0	0	0	0	0	0	2_9_12_10
{Sneyd_PNAS2002}	6	10	22	0	1	0	0	0	0	0	0	0	0	2_9_16_08
{Sobotta_Frontiers2017}	13	24	82	0.041666666666666664	0.9166666666666666	0	0	0.041666666666666664	0.041666666666666664	0	0	0	0	1_1_08_06
{Sobotta_Frontiers2017}	13	24	82	0.041666666666666664	0.9166666666666666	0	0	0.041666666666666664	0.041666666666666664	0	0	0	0	1_1_10_14
{Sobotta_Frontiers2017}	13	24	82	0.041666666666666664	0.9166666666666666	0	0	0.041666666666666664	0.041666666666666664	0	0	0	0	1_1_12_10
{Sobotta_Frontiers2017}	13	24	82	0.041666666666666664	0.9166666666666666	0	0	0.041666666666666664	0.041666666666666664	0	0	0	0	1_1_16_08
{Sobotta_Frontiers2017}	13	24	82	0.041666666666666664	0.9166666666666666	0	0	0.041666666666666664	0.041666666666666664	0	0	0	0	1_6_08_06
{Sobotta_Frontiers2017}	13	24	82	0.041666666666666664	0.9166666666666666	0	0	0.041666666666666664	0.041666666666666664	0	0	0	0	1_6_10_14
{Sobotta_Frontiers2017}	13	24	82	0.041666666666666664	0.9166666666666666	0	0	0.041666666666666664	0.041666666666666664	0	0	0	0	1_6_12_10
{Sobotta_Frontiers2017}	13	24	82	0.041666666666666664	0.9166666666666666	0	0	0.041666666666666664	0.041666666666666664	0	0	0	0	1_6_16_08
{Sobotta_Frontiers2017}	13	24	82	0.041666666666666664	0.9166666666666666	0	0	0.041666666666666664	0.041666666666666664	0	0	0	0	1_7_08_06
{Sobotta_Frontiers2017}	13	24	82	0.041666666666666664	0.9166666666666666	0	0	0.041666666666666664	0.041666666666666664	0	0	0	0	1_7_10_14
{Sobotta_Frontiers2017}	13	24	82	0.041666666666666664	0.9166666666666666	0	0	0.041666666666666664	0.041666666666666664	0	0	0	0	1_7_12_10
{Sobotta_Frontiers2017}	13	24	82	0.041666666666666664	0.9166666666666666	0	0	0.041666666666666664	0.041666666666666664	0	0	0	0	1_7_16_08
{Sobotta_Frontiers2017}	13	24	82	0.041666666666666664	0.9166666666666666	0	0	0.041666666666666664	0.041666666666666664	0	0	0	0	1_8_08_06
{Sobotta_Frontiers2017}	13	24	82	0.041666666666666664	0.9166666666666666	0	0	0.041666666666666664	0.041666666666666664	0	0	0	0	1_8_10_14
{Sobotta_Frontiers2017}	13	24	82	0.041666666666666664	0.9166666666666666	0	0	0.041666666666666664	0.041666666666666664	0	0	0	0	1_8_12_10
{Sobotta_Frontiers2017}	13	24	82	0.041666666666666664	0.9166666666666666	0	0	0.041666666666666664	0.041666666666666664	0	0	0	0	1_8_16_08
{Sobotta_Frontiers2017}	13	24	82	0.041666666666666664	0.9166666666666666	0	0	0.041666666666666664	0.041666666666666664	0	0	0	0	1_9_08_06
{Sobotta_Frontiers2017}	13	24	82	0.041666666666666664	0.9166666666666666	0	0	0.041666666666666664	0.041666666666666664	0	0	0	0	1_9_10_14
{Sobotta_Frontiers2017}	13	24	82	0.041666666666666664	0.9166666666666666	0	0	0.041666666666666664	0.041666666666666664	0	0	0	0	1_9_12_10
{Sobotta_Frontiers2017}	13	24	82	0.041666666666666664	0.9166666666666666	0	0	0.041666666666666664	0.041666666666666664	0	0	0	0	1_9_16_08
{Sobotta_Frontiers2017}	13	24	82	0.041666666666666664	0.9166666666666666	0	0	0.041666666666666664	0.041666666666666664	0	0	0	0	2_1_08_06
{Sobotta_Frontiers2017}	13	24	82	0.041666666666666664	0.9166666666666666	0	0	0.041666666666666664	0.041666666666666664	0	0	0	0	2_1_10_14
{Sobotta_Frontiers2017}	13	24	82	0.041666666666666664	0.9166666666666666	0	0	0.041666666666666664	0.041666666666666664	0	0	0	0	2_1_12_10
{Sobotta_Frontiers2017}	13	24	82	0.041666666666666664	0.9166666666666666	0	0	0.041666666666666664	0.041666666666666664	0	0	0	0	2_1_16_08
{Sobotta_Frontiers2017}	13	24	82	0.041666666666666664	0.9166666666666666	0	0	0.041666666666666664	0.041666666666666664	0	0	0	0	2_6_08_06
{Sobotta_Frontiers2017}	13	24	82	0.041666666666666664	0.9166666666666666	0	0	0.041666666666666664	0.041666666666666664	0	0	0	0	2_6_10_14
{Sobotta_Frontiers2017}	13	24	82	0.041666666666666664	0.9166666666666666	0	0	0.041666666666666664	0.041666666666666664	0	0	0	0	2_6_12_10
{Sobotta_Frontiers2017}	13	24	82	0.041666666666666664	0.9166666666666666	0	0	0.041666666666666664	0.041666666666666664	0	0	0	0	2_6_16_08
{Sobotta_Frontiers2017}	13	24	82	0.041666666666666664	0.9166666666666666	0	0	0.041666666666666664	0.041666666666666664	0	0	0	0	2_7_08_06
{Sobotta_Frontiers2017}	13	24	82	0.041666666666666664	0.9166666666666666	0	0	0.041666666666666664	0.041666666666666664	0	0	0	0	2_7_10_14
{Sobotta_Frontiers2017}	13	24	82	0.041666666666666664	0.9166666666666666	0	0	0.041666666666666664	0.041666666666666664	0	0	0	0	2_7_12_10
{Sobotta_Frontiers2017}	13	24	82	0.041666666666666664	0.9166666666666666	0	0	0.041666666666666664	0.041666666666666664	0	0	0	0	2_7_16_08
{Sobotta_Frontiers2017}	13	24	82	0.041666666666666664	0.9166666666666666	0	0	0.041666666666666664	0.041666666666666664	0	0	0	0	2_8_08_06
{Sobotta_Frontiers2017}	13	24	82	0.041666666666666664	0.9166666666666666	0	0	0.041666666666666664	0.041666666666666664	0	0	0	0	2_8_10_14
{Sobotta_Frontiers2017}	13	24	82	0.041666666666666664	0.9166666666666666	0	0	0.041666666666666664	0.041666666666666664	0	0	0	0	2_8_12_10
{Sobotta_Frontiers2017}	13	24	82	0.041666666666666664	0.9166666666666666	0	0	0.041666666666666664	0.041666666666666664	0	0	0	0	2_8_16_08
{Sobotta_Frontiers2017}	13	24	82	0.041666666666666664	0.9166666666666666	0	0	0.041666666666666664	0.041666666666666664	0	0	0	0	2_9_08_06
{Sobotta_Frontiers2017}	13	24	82	0.041666666666666664	0.9166666666666666	0	0	0.041666666666666664	0.041666666666666664	0	0	0	0	2_9_10_14
{Sobotta_Frontiers2017}	13	24	82	0.041666666666666664	0.9166666666666666	0	0	0.041666666666666664	0.041666666666666664	0	0	0	0	2_9_12_10
{Sobotta_Frontiers2017}	13	24	82	0.041666666666666664	0.9166666666666666	0	0	0.041666666666666664	0.041666666666666664	0	0	0	0	2_9_16_08
{Swameye_PNAS2003}	10	9	29	0	0.8888888888888888	0.1111111111111111	0	0	0	0	0	0	0	1_1_08_06
{Swameye_PNAS2003}	10	9	29	0	0.8888888888888888	0.1111111111111111	0	0	0	0	0	0	0	1_1_10_14
{Swameye_PNAS2003}	10	9	29	0	0.8888888888888888	0.1111111111111111	0	0	0	0	0	0	0	1_1_12_10
{Swameye_PNAS2003}	10	9	29	0	0.8888888888888888	0.1111111111111111	0	0	0	0	0	0	0	1_1_16_08
{Swameye_PNAS2003}	10	9	29	0	0.8888888888888888	0.1111111111111111	0	0	0	0	0	0	0	1_6_08_06
{Swameye_PNAS2003}	10	9	29	0	0.8888888888888888	0.1111111111111111	0	0	0	0	0	0	0	1_6_10_14
{Swameye_PNAS2003}	10	9	29	0	0.8888888888888888	0.1111111111111111	0	0	0	0	0	0	0	1_6_12_10
{Swameye_PNAS2003}	10	9	29	0	0.8888888888888888	0.1111111111111111	0	0	0	0	0	0	0	1_6_16_08
{Swameye_PNAS2003}	10	9	29	0	0.8888888888888888	0.1111111111111111	0	0	0	0	0	0	0	1_7_08_06
{Swameye_PNAS2003}	10	9	29	0	0.8888888888888888	0.1111111111111111	0	0	0	0	0	0	0	1_7_10_14
{Swameye_PNAS2003}	10	9	29	0	0.8888888888888888	0.1111111111111111	0	0	0	0	0	0	0	1_7_12_10
{Swameye_PNAS2003}	10	9	29	0	0.8888888888888888	0.1111111111111111	0	0	0	0	0	0	0	1_7_16_08
{Swameye_PNAS2003}	10	9	29	0	0.8888888888888888	0.1111111111111111	0	0	0	0	0	0	0	1_8_08_06
{Swameye_PNAS2003}	10	9	29	0	0.8888888888888888	0.1111111111111111	0	0	0	0	0	0	0	1_8_10_14
{Swameye_PNAS2003}	10	9	29	0	0.8888888888888888	0.1111111111111111	0	0	0	0	0	0	0	1_8_12_10
{Swameye_PNAS2003}	10	9	29	0	0.8888888888888888	0.1111111111111111	0	0	0	0	0	0	0	1_8_16_08
{Swameye_PNAS2003}	10	9	29	0	0.8888888888888888	0.1111111111111111	0	0	0	0	0	0	0	1_9_08_06
{Swameye_PNAS2003}	10	9	29	0	0.8888888888888888	0.1111111111111111	0	0	0	0	0	0	0	1_9_10_14
{Swameye_PNAS2003}	10	9	29	0	0.8888888888888888	0.1111111111111111	0	0	0	0	0	0	0	1_9_12_10
{Swameye_PNAS2003}	10	9	29	0	0.8888888888888888	0.1111111111111111	0	0	0	0	0	0	0	1_9_16_08
{Swameye_PNAS2003}	10	9	29	0	0.8888888888888888	0.1111111111111111	0	0	0	0	0	0	0	2_1_08_06
{Swameye_PNAS2003}	10	9	29	0	0.8888888888888888	0.1111111111111111	0	0	0	0	0	0	0	2_1_10_14
{Swameye_PNAS2003}	10	9	29	0	0.8888888888888888	0.1111111111111111	0	0	0	0	0	0	0	2_1_12_10
{Swameye_PNAS2003}	10	9	29	0	0.8888888888888888	0.1111111111111111	0	0	0	0	0	0	0	2_1_16_08
{Swameye_PNAS2003}	10	9	29	0	0.8888888888888888	0.1111111111111111	0	0	0	0	0	0	0	2_6_08_06
{Swameye_PNAS2003}	10	9	29	0	0.8888888888888888	0.1111111111111111	0	0	0	0	0	0	0	2_6_10_14
{Swameye_PNAS2003}	10	9	29	0	0.8888888888888888	0.1111111111111111	0	0	0	0	0	0	0	2_6_12_10
{Swameye_PNAS2003}	10	9	29	0	0.8888888888888888	0.1111111111111111	0	0	0	0	0	0	0	2_6_16_08
{Swameye_PNAS2003}	10	9	29	0	0.8888888888888888	0.1111111111111111	0	0	0	0	0	0	0	2_7_08_06
{Swameye_PNAS2003}	10	9	29	0	0.8888888888888888	0.1111111111111111	0	0	0	0	0	0	0	2_7_10_14
{Swameye_PNAS2003}	10	9	29	0	0.8888888888888888	0.1111111111111111	0	0	0	0	0	0	0	2_7_12_10
{Swameye_PNAS2003}	10	9	29	0	0.8888888888888888	0.1111111111111111	0	0	0	0	0	0	0	2_7_16_08
{Swameye_PNAS2003}	10	9	29	0	0.8888888888888888	0.1111111111111111	0	0	0	0	0	0	0	2_8_08_06
{Swameye_PNAS2003}	10	9	29	0	0.8888888888888888	0.1111111111111111	0	0	0	0	0	0	0	2_8_10_14
{Swameye_PNAS2003}	10	9	29	0	0.8888888888888888	0.1111111111111111	0	0	0	0	0	0	0	2_8_12_10
{Swameye_PNAS2003}	10	9	29	0	0.8888888888888888	0.1111111111111111	0	0	0	0	0	0	0	2_8_16_08
{Swameye_PNAS2003}	10	9	29	0	0.8888888888888888	0.1111111111111111	0	0	0	0	0	0	0	2_9_08_06
{Swameye_PNAS2003}	10	9	29	0	0.8888888888888888	0.1111111111111111	0	0	0	0	0	0	0	2_9_10_14
{Swameye_PNAS2003}	10	9	29	0	0.8888888888888888	0.1111111111111111	0	0	0	0	0	0	0	2_9_12_10
{Swameye_PNAS2003}	10	9	29	0	0.8888888888888888	0.1111111111111111	0	0	0	0	0	0	0	2_9_16_08
{Weber_BMC2015}	7	21	67	0.2857142857142857	0.7142857142857143	0	0	0	0	0	0	0	0.19047619047619047	1_1_08_06
{Weber_BMC2015}	7	21	67	0.2857142857142857	0.7142857142857143	0	0	0	0	0	0	0	0.19047619047619047	1_1_10_14
{Weber_BMC2015}	7	21	67	0.2857142857142857	0.7142857142857143	0	0	0	0	0	0	0	0.19047619047619047	1_1_12_10
{Weber_BMC2015}	7	21	67	0.2857142857142857	0.7142857142857143	0	0	0	0	0	0	0	0.19047619047619047	1_1_16_08
{Weber_BMC2015}	7	21	67	0.2857142857142857	0.7142857142857143	0	0	0	0	0	0	0	0.19047619047619047	1_6_08_06
{Weber_BMC2015}	7	21	67	0.2857142857142857	0.7142857142857143	0	0	0	0	0	0	0	0.19047619047619047	1_6_10_14
{Weber_BMC2015}	7	21	67	0.2857142857142857	0.7142857142857143	0	0	0	0	0	0	0	0.19047619047619047	1_6_12_10
{Weber_BMC2015}	7	21	67	0.2857142857142857	0.7142857142857143	0	0	0	0	0	0	0	0.19047619047619047	1_6_16_08
{Weber_BMC2015}	7	21	67	0.2857142857142857	0.7142857142857143	0	0	0	0	0	0	0	0.19047619047619047	1_7_08_06
{Weber_BMC2015}	7	21	67	0.2857142857142857	0.7142857142857143	0	0	0	0	0	0	0	0.19047619047619047	1_7_10_14
{Weber_BMC2015}	7	21	67	0.2857142857142857	0.7142857142857143	0	0	0	0	0	0	0	0.19047619047619047	1_7_12_10
{Weber_BMC2015}	7	21	67	0.2857142857142857	0.7142857142857143	0	0	0	0	0	0	0	0.19047619047619047	1_7_16_08
{Weber_BMC2015}	7	21	67	0.2857142857142857	0.7142857142857143	0	0	0	0	0	0	0	0.19047619047619047	1_8_08_06
{Weber_BMC2015}	7	21	67	0.2857142857142857	0.7142857142857143	0	0	0	0	0	0	0	0.19047619047619047	1_8_10_14
{Weber_BMC2015}	7	21	67	0.2857142857142857	0.7142857142857143	0	0	0	0	0	0	0	0.19047619047619047	1_8_12_10
{Weber_BMC2015}	7	21	67	0.2857142857142857	0.7142857142857143	0	0	0	0	0	0	0	0.19047619047619047	1_8_16_08
{Weber_BMC2015}	7	21	67	0.2857142857142857	0.7142857142857143	0	0	0	0	0	0	0	0.19047619047619047	1_9_08_06
{Weber_BMC2015}	7	21	67	0.2857142857142857	0.7142857142857143	0	0	0	0	0	0	0	0.19047619047619047	1_9_10_14
{Weber_BMC2015}	7	21	67	0.2857142857142857	0.7142857142857143	0	0	0	0	0	0	0	0.19047619047619047	1_9_12_10
{Weber_BMC2015}	7	21	67	0.2857142857142857	0.7142857142857143	0	0	0	0	0	0	0	0.19047619047619047	1_9_16_08
{Weber_BMC2015}	7	21	67	0.2857142857142857	0.7142857142857143	0	0	0	0	0	0	0	0.19047619047619047	2_1_08_06
{Weber_BMC2015}	7	21	67	0.2857142857142857	0.7142857142857143	0	0	0	0	0	0	0	0.19047619047619047	2_1_10_14
{Weber_BMC2015}	7	21	67	0.2857142857142857	0.7142857142857143	0	0	0	0	0	0	0	0.19047619047619047	2_1_12_10
{Weber_BMC2015}	7	21	67	0.2857142857142857	0.7142857142857143	0	0	0	0	0	0	0	0.19047619047619047	2_1_16_08
{Weber_BMC2015}	7	21	67	0.2857142857142857	0.7142857142857143	0	0	0	0	0	0	0	0.19047619047619047	2_6_08_06
{Weber_BMC2015}	7	21	67	0.2857142857142857	0.7142857142857143	0	0	0	0	0	0	0	0.19047619047619047	2_6_10_14
{Weber_BMC2015}	7	21	67	0.2857142857142857	0.7142857142857143	0	0	0	0	0	0	0	0.19047619047619047	2_6_12_10
{Weber_BMC2015}	7	21	67	0.2857142857142857	0.7142857142857143	0	0	0	0	0	0	0	0.19047619047619047	2_6_16_08
{Weber_BMC2015}	7	21	67	0.2857142857142857	0.7142857142857143	0	0	0	0	0	0	0	0.19047619047619047	2_7_08_06
{Weber_BMC2015}	7	21	67	0.2857142857142857	0.7142857142857143	0	0	0	0	0	0	0	0.19047619047619047	2_7_10_14
{Weber_BMC2015}	7	21	67	0.2857142857142857	0.7142857142857143	0	0	0	0	0	0	0	0.19047619047619047	2_7_12_10
{Weber_BMC2015}	7	21	67	0.2857142857142857	0.7142857142857143	0	0	0	0	0	0	0	0.19047619047619047	2_7_16_08
{Weber_BMC2015}	7	21	67	0.2857142857142857	0.7142857142857143	0	0	0	0	0	0	0	0.19047619047619047	2_8_08_06
{Weber_BMC2015}	7	21	67	0.2857142857142857	0.7142857142857143	0	0	0	0	0	0	0	0.19047619047619047	2_8_10_14
{Weber_BMC2015}	7	21	67	0.2857142857142857	0.7142857142857143	0	0	0	0	0	0	0	0.19047619047619047	2_8_12_10
{Weber_BMC2015}	7	21	67	0.2857142857142857	0.7142857142857143	0	0	0	0	0	0	0	0.19047619047619047	2_8_16_08
{Weber_BMC2015}	7	21	67	0.2857142857142857	0.7142857142857143	0	0	0	0	0	0	0	0.19047619047619047	2_9_08_06
{Weber_BMC2015}	7	21	67	0.2857142857142857	0.7142857142857143	0	0	0	0	0	0	0	0.19047619047619047	2_9_10_14
{Weber_BMC2015}	7	21	67	0.2857142857142857	0.7142857142857143	0	0	0	0	0	0	0	0.19047619047619047	2_9_12_10
{Weber_BMC2015}	7	21	67	0.2857142857142857	0.7142857142857143	0	0	0	0	0	0	0	0.19047619047619047	2_9_16_08
{Zheng_PNAS2012}	15	60	92	0.016666666666666666	0.9833333333333333	0	0	0	0	0	0	0	0	1_1_08_06
{Zheng_PNAS2012}	15	60	92	0.016666666666666666	0.9833333333333333	0	0	0	0	0	0	0	0	1_1_10_14
{Zheng_PNAS2012}	15	60	92	0.016666666666666666	0.9833333333333333	0	0	0	0	0	0	0	0	1_1_12_10
{Zheng_PNAS2012}	15	60	92	0.016666666666666666	0.9833333333333333	0	0	0	0	0	0	0	0	1_1_16_08
{Zheng_PNAS2012}	15	60	92	0.016666666666666666	0.9833333333333333	0	0	0	0	0	0	0	0	1_6_08_06
{Zheng_PNAS2012}	15	60	92	0.016666666666666666	0.9833333333333333	0	0	0	0	0	0	0	0	1_6_10_14
{Zheng_PNAS2012}	15	60	92	0.016666666666666666	0.9833333333333333	0	0	0	0	0	0	0	0	1_6_12_10
{Zheng_PNAS2012}	15	60	92	0.016666666666666666	0.9833333333333333	0	0	0	0	0	0	0	0	1_6_16_08
{Zheng_PNAS2012}	15	60	92	0.016666666666666666	0.9833333333333333	0	0	0	0	0	0	0	0	1_7_08_06
{Zheng_PNAS2012}	15	60	92	0.016666666666666666	0.9833333333333333	0	0	0	0	0	0	0	0	1_7_10_14
{Zheng_PNAS2012}	15	60	92	0.016666666666666666	0.9833333333333333	0	0	0	0	0	0	0	0	1_7_12_10
{Zheng_PNAS2012}	15	60	92	0.016666666666666666	0.9833333333333333	0	0	0	0	0	0	0	0	1_7_16_08
{Zheng_PNAS2012}	15	60	92	0.016666666666666666	0.9833333333333333	0	0	0	0	0	0	0	0	1_8_08_06
{Zheng_PNAS2012}	15	60	92	0.016666666666666666	0.9833333333333333	0	0	0	0	0	0	0	0	1_8_10_14
{Zheng_PNAS2012}	15	60	92	0.016666666666666666	0.9833333333333333	0	0	0	0	0	0	0	0	1_8_12_10
{Zheng_PNAS2012}	15	60	92	0.016666666666666666	0.9833333333333333	0	0	0	0	0	0	0	0	1_8_16_08
{Zheng_PNAS2012}	15	60	92	0.016666666666666666	0.9833333333333333	0	0	0	0	0	0	0	0	1_9_08_06
{Zheng_PNAS2012}	15	60	92	0.016666666666666666	0.9833333333333333	0	0	0	0	0	0	0	0	1_9_10_14
{Zheng_PNAS2012}	15	60	92	0.016666666666666666	0.9833333333333333	0	0	0	0	0	0	0	0	1_9_12_10
{Zheng_PNAS2012}	15	60	92	0.016666666666666666	0.9833333333333333	0	0	0	0	0	0	0	0	1_9_16_08
{Zheng_PNAS2012}	15	60	92	0.016666666666666666	0.9833333333333333	0	0	0	0	0	0	0	0	2_1_08_06
{Zheng_PNAS2012}	15	60	92	0.016666666666666666	0.9833333333333333	0	0	0	0	0	0	0	0	2_1_10_14
{Zheng_PNAS2012}	15	60	92	0.016666666666666666	0.9833333333333333	0	0	0	0	0	0	0	0	2_1_12_10
{Zheng_PNAS2012}	15	60	92	0.016666666666666666	0.9833333333333333	0	0	0	0	0	0	0	0	2_1_16_08
{Zheng_PNAS2012}	15	60	92	0.016666666666666666	0.9833333333333333	0	0	0	0	0	0	0	0	2_6_08_06
{Zheng_PNAS2012}	15	60	92	0.016666666666666666	0.9833333333333333	0	0	0	0	0	0	0	0	2_6_10_14
{Zheng_PNAS2012}	15	60	92	0.016666666666666666	0.9833333333333333	0	0	0	0	0	0	0	0	2_6_12_10
{Zheng_PNAS2012}	15	60	92	0.016666666666666666	0.9833333333333333	0	0	0	0	0	0	0	0	2_6_16_08
{Zheng_PNAS2012}	15	60	92	0.016666666666666666	0.9833333333333333	0	0	0	0	0	0	0	0	2_7_08_06
{Zheng_PNAS2012}	15	60	92	0.016666666666666666	0.9833333333333333	0	0	0	0	0	0	0	0	2_7_10_14
{Zheng_PNAS2012}	15	60	92	0.016666666666666666	0.9833333333333333	0	0	0	0	0	0	0	0	2_7_12_10
{Zheng_PNAS2012}	15	60	92	0.016666666666666666	0.9833333333333333	0	0	0	0	0	0	0	0	2_7_16_08
{Zheng_PNAS2012}	15	60	92	0.016666666666666666	0.9833333333333333	0	0	0	0	0	0	0	0	2_8_08_06
{Zheng_PNAS2012}	15	60	92	0.016666666666666666	0.9833333333333333	0	0	0	0	0	0	0	0	2_8_10_14
{Zheng_PNAS2012}	15	60	92	0.016666666666666666	0.9833333333333333	0	0	0	0	0	0	0	0	2_8_12_10
{Zheng_PNAS2012}	15	60	92	0.016666666666666666	0.9833333333333333	0	0	0	0	0	0	0	0	2_8_16_08
{Zheng_PNAS2012}	15	60	92	0.016666666666666666	0.9833333333333333	0	0	0	0	0	0	0	0	2_9_08_06
{Zheng_PNAS2012}	15	60	92	0.016666666666666666	0.9833333333333333	0	0	0	0	0	0	0	0	2_9_10_14
{Zheng_PNAS2012}	15	60	92	0.016666666666666666	0.9833333333333333	0	0	0	0	0	0	0	0	2_9_12_10
{Zheng_PNAS2012}	15	60	92	0.016666666666666666	0.9833333333333333	0	0	0	0	0	0	0	0	2_9_16_08
