combinations	{Bungay2003}	{Bungay2006}	{Bungay2006a}	{Eungdamrong2007}	{Froehlich2018}	{Holzhutter2004}	{Hui2014}	{Lai2014}	{Leber2015}	{Levchenko2000a}	{Liu2011}	{Nakakuki2010}	{ODea2007}	{Ouzounoglou2014}	{Pathak2013}	{Pathak2013a}	{Pritchard2002}	{Proctor2010a}	{Proctor2013a}	{Qi2013a}	{Sasagawa2005}	{Sengupta2015}	{Singh2006}	{Sivakumar2011c}	{Ueda2001}	{Ung2008}	{Yang2007}	{aguda1999_fig5c}	{alexander2010_fig2-user}	{alexander2010_fig2-user-2}	{alsheihk2011_fig3-user}	{alsheihk2011_fig4-user}	{alsheihk2011_fig5-user}	{alsheihk2011_fig6-user}	{alsheihk2011_fig7-user}	{bachar2004_fig1-user}	{bachmann2011}	{bachmann2011_figs9-user}	{balagadde2008_fig2-user}	{band2012_figs19-user}	{becker2010_fig2b-user}	{becker2010_figs4-user}	{beuke2017_fig6}	{bier2000_fig3-user}	{bindschadler2001_fig5b-user}	{borghans1997_fig12a-user}	{borghans1997_fig5-user}	{brands2002_fig2-user}	{bucher2011_fig2-user}	{bungay2003_fig4-user}	{bungay2006_fig3a-user}	{bungay2006_fig3b-user}	{butenas2004_fig1-user}	{chance1943_fig12-user}	{chassagnole2002_fig4-user}	{chassagnole2002_fig5-user}	{delcontezerail2008_fig4-user}	{dupont1992_fig4-user}	{essunger1994_fig2-2}	{essunger1994_fig4}	{essunger1994_fig5}	{essunger1994_fig6-user}	{essunger1994_fig8}	{ferreira2003_fig2f-user}	{fisher2006_fig3a}	{fraser2002_fig1a_1b_2a_2b}	{fuentes2005_fig1a-user}	{fung2005_fig3a}	{gardner1998_fig4b-user}	{goldbeter1991_fig3-user}	{goldbeter2006_fig3a-user}	{gorlich2003_fig4-user}	{hald2012_fig5-user}	{hatakeyama2003_fig5-user}	{hernandezvargas2013}	{ho1995_fig3}	{hockin1999_fig7a-user}	{hockin2002_fig3-user}	{hornberg2005_fig2a-user}	{ihekwaba2004_fig5-user}	{jiang2007_fig2-user}	{karin2017_fig1c}	{karin2017_fig1g}	{karin2017_fig2}	{kholodenko1999_fig4b-user}	{kholodenko2000_fig2a-user}	{kim2011_figs5-user}	{kirschner1998_fig2-user}	{kofahl2004_fig3-user}	{kolodkin2010_figure2b}_89	{kolodkin2010_figure2b}_90	{kolodkin2010_figure2b}_91	{kolodkin2010_figure2b}_92	{kolodkin2010_figure2b}_93	{kolodkin2010_figure2b}_94	{kouril2017_fig1a}	{kouril2017_fig2b}	{kouril2017_fig3b}	{kouril2017_fig4b}	{kouril2017_fig4c}	{kowald2006_fig2-user}	{laub1998_fig3top-user}	{lebeda2008_fig1-user-2}	{lee2010_fig3-user}	{lee2010_figs6-user}	{lee2010_figs9-user}	{leloup1999_fig2a}	{leloup2003_fig2a}	{levchenko2000_fig2-user}	{levchenko2000_fig2-user}	{levering2012_fig2-user}	{levering2012_fig5-user}	{liu2011_fig5a-user}	{lou2009_fig2-user}	{ma2002_fig2-user}	{marhl2000_fig2-user}	{martins2003_fig6-user}	{marwan2003_fig5b-user}	{mcauley2012_fig1b-user}	{mellor2012_fig3a-user}	{miao2008_fig1}	{montanez2008_fig3a-user}	{moriya2011_fig7c-user}	{morris2002_fig1b-user}	{naresh2011_fig11to13-user}	{naresh2011_fig6to7-user}	{naresh2011_fig8to10-user}	{neves2008_figs1-user}	{nyman2012_fig5-user}	{odea2007_fig3-user}	{orfao2008_fig2-user}	{ouattara2008_fig3}	{panteleev2002_fig1-user}	{panteleev2002_fig2a-user}	{panteleev2002_fig3a-user}	{perelson1993_fig11-user}	{perelson1993_fig2and3-user}	{perelson1996_fig1b_top}	{piedrafita2010_fig2-user}	{ribeiro2008_fig4-user}	{saeidi2012_fig4a-user}	{sarma2012_fig3c-user}	{sarma2012_fig3f-user}	{sarma2012_fig5a-user}	{sarma2012_fig5atod-user}	{sarma2012_fig5b-user}	{sarma2012_fig5c-user}	{sarma2012_fig5d-user}	{schilling2009_fig1b-user}	{teusink1998_fig3candd-user}	{tiago2010_fig2_fe_adequate-user}	{tiago2010_fig2_fe_deficient}	{tiago2010_fig2_fe_loaded-user}	{tiago2010_fig3_fe_adequate-user}	{tiago2010_fig3_fe_deficient}	{tiago2010_fig3_fe_loaded-user}	{tripathi2007_fig7_10to7_11-user}	{tripathi2007_fig7_4-user}	{tripathi2007_fig7_5to7_7-user}	{tripathi2007_fig7_8to7_9-user}	{valero2006_fig1aandb}	{vanheerden2014_fig4-user}	{wang2012_fig1and2-user}	{xie2007_fig3-user}	{zhao2013_fig3a-user}	{zi2007_fig2d-user}
1_1_08_06	0	0	0	0	0	427.66	1070.2785	0	0	668.525	0	0	51.772	4869.7265	3.152	2.194	0	0	0	0	4429.4435	0	0	47.4195	1.5065	0	0	54.462	0	0	1.66	1.643	1.91	1.698	1.8975	1.358	0	0	2.3425	1.4415	1.6535	1.567	0	3.3785	2.6735	16.602	7.0245	1.999	1747.6295000001	0	0	0	0	1.5285	4260.975	4220.1615000001	1.6995	2.4445	1070.456	0	0	0	0	1.805	5.4575	0	1.4415	304.719	1.703	2.3285	1.776	27.5735	0	0	394.943	1.1915	0	0	1.7235	21.682	3845.0435000001	1.426	1.429	566.6335	3.7835	5.118	6.5575	3.488	16147.413	7.552	1372.7575	379.835	359.7685	1619.2675000001	890.8855	1.1965	1.4825	7.646	41.402	83.9025	0	3.1115	1.449	421.875	311.442	1.544	2.8885	3.7405	21.7898571429	12.812	0	5281.562	0	1.5495	1.5915	4.503	1.9685	3.4555	0	1.5634	1.612	1.5785	621.991	1.2035	1.5245	1.53875	1.558	944.57	0	60.7485	48.3185	543.7855	44.3469	29.248	24.997	1872.2785	1125.837875	4.674	20.552	1.3235	16.847	83.951	91.664	2231.194	174.703875	713.1745	26.138	342.191	1080.259	1.628	2.5825	2.9375	2.3995	2.5705	2.9505	2.388	1.471	1.4835	1.4895	1.462	7.4285	1.7445	8.0945	195.591	2.3675	83.558
1_1_10_14	0	0	0	0	0	413.334	149.91	0	0	428.1895	0	0	50.09	0	7.9135	6.098	0	0	0	0	0	0	0	48.758	3.4745	0	0	25.383	0	1111.9345	4.075	4.085	4.35	4.149	4.3695	2.233	0	0	4.914	1.47	2.117	1.5295	0	7.886	7.273	32.672	15.7995	2.0065	0	0	0	0	0	1.5975	2212.955	2202.839	3.1675	4.818	651.293	0	0	0	0	1.892	6.864	0	1.448	185.8515	3.218	4.122	4.0565	21.6595	0	0	217.1215	1.2535	93.225	0	3.249	29.1215	3728.6660000001	1.548	1.645	85.008	11.566	14.4345	13.497	5.285	6273.9860000001	7.461	834.255	242.028	226.9095	918.1725	528.8555	1.3665	1.4805	6.322	24.8085	47.4895	0	6.0085	1.5315	412.4195	303.553	1.5535	5.6735	9.459	12.812	0	0	2562.2875000001	0	1.6765	4.799	9.9845	4.4275	5.455	0	1.6622	1.7275	1.906	530.719	1.286	2.043	2.065	2.0865	231.2035	0	58.352	46.7485	754.8445	27.4664	25.5795	26.4125	1016.7245	730.373375	10.384	23.407	1.298	15.9218333333	74.6355	113.2265	952.6946666667	213.613625	544.3404999999	23.05	188.7345	500.3965	2.0235	7.232	7.318	5.3805	7.2575	7.326	5.3855	2.0665	2.023	2.2385	2.424	7.143	3.365	34.719	83.707	2.016	52.069
1_1_12_10	0	0	0	0	0	423.5315	510.822	0	0	513.0125	0	0	54.616	2885.0245	7.2025	5.734	0	0	0	0	0	0	0	54.5595	3.18	0	0	46.123	0	0	2.5895	2.591	3.6765	2.7895	3.684	1.8465	0	0	5.315	1.451	1.8395	1.6245	0	7.778	7.696	43.167	18.578	2.0315	0	0	0	0	795.322	1.583	6530.5270000001	6545.968	3.201	5.2555	2425.419	0	0	0	0	2.007	7.6765	0	1.4755	317.648	3.9115	5.8515	4.5635	26.1985	0	0	396.623	1.2765	88.221	447.2425	3.695	34.8895	3926.8699999998	1.46	1.762	181.9075	11.1975	11.85	15.159	5.1145	0	7.9285	2499.9515	471.435	369.569	4061.5704999999	1642.1515	1.4315	1.961	8.6805	38.012	83.214	0	5.8165	1.5625	436.9715	314.049	1.553	6.6585	11.3245	20.8020714286	13.6085	0	15855.0639999997	0	1.632	4.7395	11.251	4.8105	5.404	0	1.7215	1.6215	1.7405	672.543	1.349	1.607	1.65775	1.642	430.856	0	59.373	48.505	1294.7225	47.97265	38.44	44.462	3118.9855	2067.5825	6.71	26.264	1.3435	16.028	98.8655	124.825	2652.6985	245.848125	1132.339	27.238	346.6735	1034.1225	1.979	5.6715	7.056	4.1015	5.6135	6.994	4.119	1.703	1.623	1.672	1.609	9.566	3.6215	21.7245	168.227	1.9435	93.9065
1_1_16_08	0	0	0	0	0	1861.1645	495.5915	0	0	1881.64	0	0	331.5265	0	4.6845	3.4125	0	0	0	0	0	0	0	253.676	2.0025	0	0	30.896	0	0	1.9995	1.994	3.5285	2.049	3.5435	1.5515	0	0	5.7805	1.432	1.766	1.6325	0	5.136	4.957	30.793	11.4485	2.0265	1733.772	0	0	0	841.7185	1.557	10985.4100000002	10979.9499999995	2.1805	3.4375	6594.3685	0	0	0	0	2.1995	7.6395	0	1.494	0	2.4425	4.785	2.895	51.7255	0	0	515.943	1.189	86.836	599.1965	8.2575	47.369	0	1.4635	2.619	20708.6059999996	7.313	7.7445	10.077	4.044	0	7.919	1503.5015	534.1	403.667	1880.7285000001	1051.7505000001	1.324	1.4685	12.9845	159.298	527.4785	0	4.057	1.5245	29681.523	8611.4165000001	1.5685	4.561	7.0675	13.6085	0	0	0	0	1.6325	3.127	7.067	3.1505	73.703	0	1.975	1.6455	1.631	723.739	1.4575	1.516	1.56325	1.526	559.577	0	193.794	180.7775	2212.3759999999	50.1852	89.178	42.6255	0	1673.798625	6.41	22.8125	1.344	22.0965	73.2645	126.0175	3409.9955	236.82125	0	79.8795	415.532	12453.1664999996	1.758	3.4035	4.5	2.7865	3.4195	4.445	2.786	1.538	1.488	1.558	1.524	9.767	2.6835	13.2225	96.3055	1.934	96.169
1_6_08_06	97.2685	56.216	31.423	1081.9375	0	12.4895	5.6995	27.3925	34.3905	15.6245	55.4485	0	2.7585	44.375	2.23	2.0675	22.96	0	256.2065	0	169.5175	14.442	0	7.2465	1.947	640.8765	257.4485	3.922	1.5795	1.5765	1.3695	1.3525	1.6705	1.3965	1.672	1.317	27.5785	16.846	1.759	1.383	1.5375	1.4165	517.864999999	3.8275	3.074	21.7915	12.6835	1.6665	21.1595	54.097	30.8555	57.6755	5.137	1.4385	128.625	129.8715	2.9595	3.455	2.5415	3.068	2.746	3.4185	3.0655	1.669	2.4905	2.1445	1.343	10.586	1.717	3.488	2.2415	3.0935	193.85575	447.6485	4.0035	1.148	3.982	5.3863333333	2.163	5.891	175.8425	1.3915	1.5575	8.8935	4.0685	4.6805	8.341	1.747	61.2725	3.3245	2.561	3.757	3.8025	3.4875	4.4125	1.053	1.3905	1.9	2.5315	3.2735	3.1555	1.5665	1.4235	7.5435	6.8215	1.493	3.4015	4.48	26.1527142857	17.262	232.0415	157.7405	57.2418333333	1.397	1.5425	5.9005	1.8065	1.9685	16.3520833333	1.3248	1.5635	1.4995	101.2495	1.1035	1.3945	1.37575	1.421	10.3665	8.492	5.285	2.9875	1.333	4.10615	3.583	3.4385	2.585	3.053875	1.5075	4.95025	1.29	2.4238333333	10.64	14.1255	36.4901666667	25.976875	18.237	3.3555	8.547	11.2845	1.573	2.0555	2.003	2.0725	2.0515	1.993	2.101	1.295	1.3305	1.3125	1.331	2.209	1.796	9.309	14.7195	1.774	3.853
1_6_10_14	295.023	178.7775	103.984	0	0	39.5215	44.23	47.452	0	22.7325	627.4655	2707.2864999999	7.1105	188.9915	11.2895	8.4535	167.5285	0	0	0	195.0795	64.672	0	22.294	5.4925	0	0	10.147	4.741	5.2725	3.932	3.9945	4.1105	3.853	4.076	2.205	643.042	701.786	4.5535	1.428	2.0405	1.3885	0	13.876	15.5595	46.148	29.136	1.654	0	171.125	115.969	183.7095	6.466	1.526	1033.521	1031.7625	5.5545	8.8435	4.493	10.8565	11.185	29.475	9.026	1.749	3.4915	5.251	1.3205	43.097	3.1325	6.408	5.5645	7.0945	2299.16675	1286.6965	16.9345	1.198	3.948	5.8703333333	2.3775	12.3175	302.6065	1.556	1.7675	30.051	7.059	16.6715	18.797	5.151	323.5175	1.968	18.3135	19.484	7.1805	26.665	33.0945	1.2375	1.4075	2.21	4.7085	8.823	0	2.732	1.4685	28.8295	32.2735	1.481	7.4315	11.827	17.262	0	1410.5905	0	598.297	1.5185	2.568	15.3055	2.511	2.7785	326.1649166667	1.3586	1.6595	1.974	289.571	1.1845	1.829	2.70225	1.969	32.757	75.9675	9.3655	7.4925	4.7085	16.1226	10.9875	6.8995	8.18	6.989625	1.8395	13.34925	1.2515	2.7221666667	38.281	55.0955	113.608	98.1565	104.0835	5.9505	19.188	64.4755	2.242	3.6835	3.947	3.986	3.798	3.8885	4.116	2.0485	2.025	2.267	2.06	3.5055	2.745	40.6455	35.974	2.2155	10.886
1_6_12_10	291.7965	162.224	109.51	0	0	59.3595	37.1185	576.983	350.823	30.8275	0	1835.7440000001	11.457	106.2205	7.3935	7.962	193.9075	0	0	0	316.592	41.443	0	23.2515	5.636	0	0	11.3455	2.3075	2.4025	2.1855	2.188	3.398	2.365	3.419	2.591	181.042	187.709	3.997	1.3965	1.76	1.4865	2571.5594999999	10.1095	15.359	68.4265	34.348	1.759	62.6485	169.5095	126.972	160.467	9.803	1.6095	1137.884	1130.2375	5.883	9.1695	5.005	7.015	5.976	7.7405	5.8885	2.016	4.8525	3.441	1.4225	44.821	4.483	8.8025	5.969	7.624	0	898.242	8.453	1.159	5.154	7.0663333333	2.667	15.5485	480.2675	1.502	1.6965	24.8315	6.5575	12.923	21.7635	3.1045	286.5475	2.7735	26.9615	17.412	12.9205	28.202	29.748	1.362	1.4095	2.7515	5.546	9.625	0	2.6765	1.5015	54.412	40.118	1.5105	8.555	13.626	4492.3554285714	15.9275	0	0	0	1.514	3.3495	18.1645	2.488	2.389	104.8505833333	2.3954	1.6405	1.722	352.8315	1.2215	1.4405	1.4955	1.485	28.6695	66.1865	11.2495	8.173	1.7865	11.91695	10.5325	8.455	5.053	8.711125	1.5745	14.2415	1.319	3.5076666667	28.0605	40.229	104.4951666667	77.024625	72.442	4.5895	19.615	69.6125	2.2815	4.111	3.47	3.7065	4.0935	3.462	3.696	1.637	1.4945	1.5925	1.6435	4.102	2.873	26.617	38.008	1.8615	8.4845
1_6_16_08	231.1155	144.2325	93.457	1312.701	0	180.664	91.8175	377.786	0	28.3535	0	0	15.394	129.8385	13.553	6.9055	66.6955	0	0	0	0	31.586	0	19.3975	3.73	0	0	7.566	1.8145	1.891	1.7165	1.7125	2.3945	1.7435	2.397	1.494	92.1515	98.193	2.5935	1.4415	1.648	1.512	1993.1734999999	6.3735	9.3985	42.566	21.122	1.731	0	125.7785	88.9535	132.064	34.276	1.505	469.997	467.22	3.9985	5.8215	2.9875	4.622	4.183	5.5885	4.19	2.268	3.8615	2.58	1.4105	25.8565	2.7475	6.535	3.7185	6.2495	0	602.222	5.742	1.16	11.558	25.629	2.2305	12.162	455.067	1.3795	1.608	19.55	4.7985	8.013	13.854	2.3255	158.0975	2.175	11.6645	9.279	6.3365	13.65	11.319	1.174	1.4	2.1675	3.961	6.152	0	1.945	1.49	31.697	20.0275	1.494	5.183	8.206	15.9275	0	0	273.4665	0	1.4655	2.1275	10.9445	2.427	2.0775	31.0631666667	3.3462	1.5995	1.558	237.6185	1.5565	1.3955	1.38525	1.4205	21.7865	31.584	8.301	6.2755	1.4265	7.23805	6.2855	8.6445	3.6805	4.342125	1.524	10.92425	1.312	5.9298333333	19.894	25.163	77.9963333333	45.535375	37.274	6.7685	17.926	39.964	1.7925	2.599	2.7245	2.781	2.598	2.7555	2.791	1.418	1.372	1.3965	1.3685	3.612	3.0835	16.747	25.2835	1.8105	6.375
1_7_08_06	88.5805	58.9605	27.578	615.224	296.171	18.672	6.983	17.4325	36.7935	17.8365	74.7025	0	2.7395	28.9575	2.2535	1.861	49.8465	0	246.336	0	77.34	17.1105	0	8.581	1.9935	597.6645	219.7285	3.7495	1.5375	1.741	1.4305	1.4255	1.736	1.5465	1.7355	1.3215	22.5095	24.3995	1.809	1.3895	1.474	1.458	479.8794999999	3.273	3.469	22.198	13.7035	1.6885	9.2605	56.536	28.523	60.566	6.0025	1.4415	165.891	166.258	3.095	4.1335	2.566	2.8575	2.769	3.3915	3.068	1.65	2.7305	2.2435	1.317	9.868	1.7055	3.2325	2.3385	3.63	291.03775	466.8635	3.568	1.154	4.171	5.9054166667	1.681	6.321	238.2385	1.4	1.52	10.891	3.4365	4.443	8.173	1.8885	63.921	3.3495	4.5415	4.568	3.389	3.991	4.767	1.046	1.421	2.048	2.612	3.351	7.665	1.442	1.418	6.644	6.3145	1.4165	3.3845	5.094	4.3058571429	3.504	427.5455	141.9685	78.3415	1.3725	1.566	6.542	1.748	1.9555	18.53425	1.3292	1.537	1.504	110.305	1.0825	1.3865	1.40975	1.413	9.6595	9.185	5.211	2.9075	1.313	3.94035	3.838	3.959	2.5495	2.92325	1.5175	5.2565	1.2655	2.723	11.179	15.539	28.4708333333	29.311	20.039	4.0345	10.553	12.989	1.536	2.1465	2.029	2.0825	2.112	2.0265	2.1005	1.3	1.32	1.3195	1.3105	1.8905	1.9235	8.28	18.508	1.744	3.613
1_7_10_14	249.678	173.1	98.4355	0	246.553	40.7015	25.6795	37.6165	560.863	25.5395	683.6375	3333.123	8.693	155.22	7.5645	6.2285	224.527	0	0	0	209.8695	47.0865	0	16.403	4.3195	2705.1155	0	7.8705	3.438	3.788	3.018	3.015	3.289	3.2005	3.24	2.012	695.9045	729.156	4.0105	1.434	1.945	1.3745	1850.8625000001	9.343	12.4205	44.174	30.331	1.73	0	159.2925	98.9495	176.426	7.8115	1.5585	1430.779	1433.8255	4.9235	10.3785	3.7685	7.882	9.2745	29.779	12.518	1.7825	3.499	6.34075	1.324	47.785	2.882	6.85	4.685	6.583	3740.24775	1524.1385	15.3245	1.198	5.091	7.3066666667	2.2425	11.4355	395.124	1.5535	1.758	37.5885	5.4605	15.121	18.6195	4.621	332.063	2.132	19.971	14.829	7.634	31.315	33.3345	1.261	1.427	2.247	4.852	8.5515	0	2.6275	1.4765	30.0705	24.004	1.467	5.899	11.2025	3.504	232.0415	2235.8615000001	694.275	690.8815	1.501	2.4275	16.2785	2.4615	2.8365	329.2084166667	1.3654	1.6565	2.1695	278.5755	1.164	1.768	1.82775	1.8615	30.845	77.514	8.0375	5.412	3.946	11.60775	11.0965	6.9945	6.6285	5.94075	1.7915	12.01075	1.2145	2.9846666667	33.1165	49.822	105.6398333333	91.500375	99.405	5.925	19.77	73.066	2.2205	3.4585	3.442	3.454	3.432	3.475	3.4925	2.0215	1.955	2.1565	1.898	2.938	2.675	34.3275	42.408	2.365	8.9245
1_7_12_10	251.5505	157.2265	91.0495	0	722.214	78.0465	21.3605	101.5175	366.708	32.582	442.995	2221.0785	12.2975	0	7.163	5.296	262.2525	0	0	0	311.9625	38.0075	0	21.508	5.236	0	0	8.254	2.3555	2.324	2.1315	2.1195	2.4915	2.1495	2.4545	1.61	199.649	199.982	3.4605	1.3945	1.717	1.465	0	8.9095	15.6795	61.7135	35.569	1.7525	73.6745	163.432	92.48	166.3245	10.305	1.5475	1348.5965000001	1349.609	4.9445	10.9255	3.936	6.272	5.3055	7.2445	5.3655	2.105	4.02	3	1.3785	45.199	3.791	7.483	5.5675	7.078	3182.78375	968.8245	7.616	1.159	5.353	8.4071666667	2.605	14.5075	604.599	1.497	1.7415	30.448	5.198	12.3395	21.248	3.23	284.908	2.272	21.168	14.583	7.4035	27.601	25.4075	1.3365	1.4285	2.6295	5.29	8.889	0	2.4645	1.4725	44.967	36.0175	1.486	7.3755	12.6185	6.6172857143	4.8135	2047.3670000001	0	422.9495	1.493	2.2675	18.949	2.6435	2.4205	74.3999166667	1.549	1.6065	1.729	358.2165	1.22	1.4415	1.5165	1.4755	25.3615	64.2955	11.409	8.044	1.694	10.426	9.8635	8.3375	5.261	6.276875	1.529	13.1185	1.2905	3.855	26.2305	39.87	99.4043333333	76.304	65.635	5.3705	22.826	83.7715	2.197	3.302	3.627	3.2125	3.363	3.6365	3.2795	1.518	1.4795	1.642	1.5865	2.918	2.857	22.1185	43.137	1.825	7.3385
1_7_16_08	206.367	132.6395	83.0855	1328.1095	1176.378	53.254	14.92	140.9635	244.041	28.3845	214.788	0	14.367	80.863	4.2805	3.4225	69.855	0	0	0	200.228	31.0605	0	17.9175	3.397	0	0	6.064	1.869	1.958	1.7225	1.729	2.333	1.7655	2.312	1.474	82.997	93.106	2.578	1.3935	1.5715	1.469	1195.074	5.718	7.587	42.046	22.5085	1.765	30.7185	133.7875	84.304	132.425	48.6795	1.52	565.0845	564.3055	4.055	7.2155	2.6855	4.506	3.649	5.002	4.1065	2.535	3.5285	2.198	1.4175	26.9105	2.405	6.423	3.37	5.549	790.16725	737.8155	5.693	1.162	11.426	25.6414166667	2.6125	11.717	597.5895	1.4435	1.5775	26.381	4.702	7.434	13.23	2.4445	160.183	2.05	8.125	8.984	5.4625	8.067	10.623	1.1575	1.4165	2.1815	3.7475	6.8815	0	1.904	1.455	22.0425	19.8435	1.4665	4.954	8.4885	4.8135	1410.5905	910.4555000001	344.326	213.3483333333	1.4375	2.0625	11.912	2.364	2.166	30.6105	1.7782	1.569	1.6225	248.1605	1.4725	1.379	1.431	1.3885	17.4425	25.9265	9.019	6.497	1.4195	7.9208	6.8785	5.816	3.889	4.481625	1.5325	10.2455	1.303	7.6616666667	19.5015	26.1995	57.5696666667	50.53225	39.814	4.6495	17.5175	47.0665	1.7505	2.754	2.8665	2.735	2.78	2.87	2.712	1.4185	1.39	1.38	1.3705	3.324	3.177	13.664	29.726	1.7825	5.3015
1_8_08_06	203.056	125.674	58.0035	1975.6965	0	44.8485	9.432	32.7805	82.6645	23.1235	166.076	0	5.705	147.7725	3.8005	3.451	118.986	0	623.782	0	314.3115	27.099	0	14.733	3.009	1559.1425	782.8265	5.4325	1.5515	1.742	1.523	1.5165	1.855	1.539	1.833	1.311	58.0605	42.747	2.065	1.393	1.5015	1.4005	1501.5800000002	4.1825	3.6525	29.9425	18.01	1.7145	116.5975	117.639	56.2995	129.637	10.6095	1.457	425.851	425.439	3.7185	4.5225	2.925	3.8575	3.4595	4.604	3.4155	1.6685	2.8755	2.6885	1.3225	15.026	1.809	4.3135	2.5885	4.337	560.3835	1264.853	5.2625	1.148	7.448	17.9331666667	1.77	9.189	446.4445	1.4185	1.5265	18.2855	3.9545	5.7325	11.339	2.0855	141.6365	1.906	4.135	6.379	5.1035	5.792	6.941	1.072	1.409	2.151	3.3165	4.991	11.093	1.6395	1.424	13.9215	9.375	1.4365	4.0905	6.0395	8.4073571429	6.5665	610.6564999997	307.123	148.5565	1.4405	1.5945	8.7645	1.888	1.9695	34.5776666667	1.3293	1.5275	1.5325	213.6445	1.0745	1.3515	1.39375	1.446	16.605	22.576	9.081	4.189	1.3145	5.44895	5.3235	5.6395	3.3645	3.9235	1.4995	8.675	1.269	3.6773333333	16.3735	22.7985	75.4628333333	43.80825	39.474	6.073	17.226	18.9065	1.654	2.247	2.193	2.196	2.2355	2.2005	2.1875	1.2855	1.304	1.316	1.3125	2.4425	2.4575	11.0965	28.986	1.745	4.9845
1_8_10_14	458.2765	315.346	173.4375	0	0	85.0715	63.5195	84.208	0	42.299	1067.075	5442.7569999999	12.299	299.616	21.4965	21.417	404.5685	0	0	0	441.616	77.1005	0	35.788	8.767	5902.438	0	12.86	5.493	6.2465	4.4	4.421	4.379	4.541	4.4005	2.4415	1091.042	1175.7985	5.3865	1.4205	2.083	1.3655	7491.9875000001	11.2165	23.909	64.927	42.509	1.7235	0	295.008	181.5925	319.928	12.8015	1.5085	2393.4660000001	2389.1885	7.015	12.9645	4.1125	11.515	10.855	21.546	11.969	1.788	4.361	6.0495	1.3125	67.7805	3.6505	7.716	5.9505	10.1115	4198.8245000001	3678.3049999998	20.0165	1.2215	6.622	12.5775833333	2.5935	18.0515	641.8275	1.6195	1.804	60.633	8.328	19.508	26.3785	6.301	589.5745	2.175	29.329	22.269	10.4615	41.87	49.81	1.2755	1.4415	2.535	7.696	13.2	18.392	3.2685	1.4625	57.901	43.925	1.4455	9.9365	16.632	6.5665	0	3775.3760000001	1341.6194999999	1029.5506666667	1.497	3.1255	20.848	3.2505	3.1725	606.1710833333	1.3826	1.649	2.1255	503.9745	1.1625	3.1225	2.11275	1.9745	53.8195	135.2405	13.3755	8.1115	5.539	16.71635	15.3775	9.804	9.5765	7.796625	1.834	19.61475	1.237	4.181	48.75	78.265	211.1836666666	145.414875	177.7765	9.4755	34.267	99.7465	2.378	4.211	4.2055	4.156	4.259	4.253	4.182	2.187	2.8885	2.455	2.14	4.459	3.8155	44.8565	65.616	2.3635	14.692
1_8_12_10	480.654	285.6315	194.866	0	0	144.9	42.185	627.2295	0	56.556	0	3739.7035000001	24.598	213.2995	11.0115	14.156	481.9875	0	0	0	628.527	80.735	0	47.579	8.69	0	0	13.6665	2.604	2.673	2.428	2.417	3.83	2.599	3.809	1.882	343.994	353.2375	5.0855	1.418	1.756	1.444	5852.0345000003	11.112	25.1915	98.8765	49.941	1.7735	102.416	279.8305	176.9105	293.751	21.719	1.624	2410.737	2400.7665000001	7.55	13.0935	4.7695	8.4055	7.567	11.062	8.1525	2.192	5.817	3.6285	1.3905	69.88	4.878	11.8635	7.132	10.719	4327.474	2440.8269999999	10.9385	1.162	9.1205	15.5035	3.076	22.6935	996.028	1.4785	1.7695	47.8875	7.404	15.379	29.954	3.749	515.422	2.855	60.714	22.0815	10.9675	72.6885	47.418	1.355	1.452	3.2405	7.8175	17.7125	0	3.3215	1.52	78.353	62.59	1.4905	11.1875	19.6235	6.7225	5.5585	3762.8204999999	1302.2595000001	0	1.492	3.505	25.331	3.482	2.548	192.39475	3.1781	1.6125	1.8065	637.722	1.2095	1.458	1.55	1.52	43.9205	126.8855	19.0935	11.3165	1.768	18.20835	15.269	15.771	6.854	8.83775	1.5575	21.52875	1.2955	5.4021666667	38.888	61.9005	190.5626666667	117.268125	143.0995	7.91	37.235	107.25	2.4045	4.1265	4.111	4.098	4.1125	4.1325	4.081	1.5905	1.5205	1.6525	1.6325	3.816	3.582	30.1265	68.4705	1.849	12.1325
1_8_16_08	420.187	241.376	147.8355	4749.8925000001	0	196.676	60.754	0	296.1785	47.898	0	0	34.3945	120.668	14.9035	9.72	151.625	0	0	0	0	63.592	0	44.7705	5.2325	2470.0195	0	10.0175	2.081	2.125	1.887	1.9145	2.866	1.951	2.8435	1.4955	147.5975	146.9795	3.1715	1.403	1.6185	1.4705	4570.5220000004	7.1025	15.209	58.144	30.964	1.719	73.9605	251.0185	150.352	244.114	67.915	1.5495	1101.0165	1102.4755	5.1985	8.023	3.4375	6.3225	5.551	7.8465	5.447	5.759	4.1615	2.68275	1.3975	38.4835	3.0155	8.092	4.3135	9.631	1518.021	1789.1774999999	7.526	1.158	19.5295	52.70525	2.449	17.7345	949.7975	1.415	1.6025	42.095	6.1165	9.716	24.384	2.741	322.2435	2.4305	8.7485	13.4605	9.163	17.872	18.719	1.1825	1.4085	2.5135	5.277	11.5845	0	2.038	1.4685	45.1635	41.377	1.458	6.4815	11.3705	5.5585	0	1927.2125	828.371	0	1.444	2.224	15.549	2.929	2.101	68.6913333333	2.4981	1.5775	1.64	448.0195	1.5875	1.383	1.4245	1.457	30.813	62.34	14.247	8.83	1.418	10.7754	10.937	9.0325	5.227	5.74775	1.5025	17.2665	1.2965	9.2206666667	26.799	38.8705	130.3378333333	81.549	83.6845	7.264	28.1975	65.2865	1.873	3.001	3.1255	2.969	3.0205	3.177	3.007	1.3965	1.4025	1.4205	1.3695	2.9405	2.885	18.8835	46.091	1.7825	8.448
1_9_08_06	32.848	31.699	13.787	37.7575	0	1.8125	4.4365	3.5225	11.1785	10.47	25.1685	0	1.236	13.05	1.267	1.042	15.065	208.8485	0	208.1865	17.293	17.6355	0	3.2615	0.9035	0	24.9895	2.7455	1.721	1.7305	1.6205	1.604	1.696	1.6175	1.6985	1.5455	8.339	8.5245	2.035	1.4685	1.774	1.6555	22.0545	3.214	2.618	12.674	7.815	2.0245	3.8465	28.576	12.7995	28.416	0	1.7845	19.4225	19.303	1.829	2.5875	2.2865	2.481	1.665	2.2115	1.6785	2.015	2.355	2.1545	1.516	6.333	1.727	2.444	1.958	1.996	120.60775	67.5285	2.389	1.2325	2.423	2.6680833333	2.033	5.046	78.4235	1.6015	1.775	2.865	2.777	3.937	4.385	1.446	22.984	1.2325	1.673	2.487	1.8865	1.822	2.207	1.2995	1.5165	1.593	1.703	1.9835	1.8105	1.761	1.6535	2.53	2.164	1.582	2.561	3.2445	4.4252857143	3.4205	31.5265	14.181	23.7961666667	1.619	1.9435	3.843	2.195	2.3925	3.87275	1.7916	1.721	1.662	38.89	1.2505	1.6935	1.64225	1.701	5.3675	3.513	2.7625	1.9385	1.645	2.1247	2.365	2.406	1.8635	1.779875	1.71	2.728	1.3865	1.6201666667	6.8065	10.9415	9.1023333333	19.33475	6.131	1.906	4.353	7.193	1.804	2.371	2.4275	2.4275	2.4005	2.3835	2.421	1.629	1.6085	1.635	1.7485	1.5935	1.8525	6.762	8.913	2.001	2.494
1_9_10_14	169.4145	119.2475	65.331	0	0	6.025	14.691	21.8595	249.3055	17.8955	298.134	0	3.142	83.8145	3.6205	3.087	36.818	0	0	0	79.742	48.8315	0	8.5365	2.084	0	0	7.0045	3.2255	3.1665	2.7525	2.7955	2.8125	2.732	2.799	2.1495	335.5105	368.3095	3.7425	1.516	2.036	1.6055	192.6415	8.07	4.8865	23.7835	13.981	1.9565	221.3555	113.149	66.0475	125.6815	3.425	1.8305	185.5745	185.655	2.426	4.8655	2.4905	5.491	4.6155	6.8185	4.586	2.0625	2.582	4.8935	1.523	23.544	2.6905	4.5615	3.968	4.8115	795.17525	450.6625	9.044	1.3075	2.6475	2.7373333333	2.359	9.458	143.606	1.61	1.766	10.5725	4.072	12.0195	9.307	3.4885	170.1145	1.368	12.0315	8.7385	4.1385	16.6815	19.49	1.403	1.529	1.846	3.8915	4.2815	1.702	2.0045	1.66	12.755	11.5265	1.57	3.8625	6.452	3.4205	427.5455	209.1655	162.181	297.9171666667	1.747	2.159	9.4805	2.2995	2.9325	136.7140833333	1.8517	1.825	1.983	120.494	1.4265	1.916	1.9115	1.906	23.1415	35.5795	3.9825	4.2505	2.4955	7.3386	7.0445	4.6485	4.585	4.597	1.759	7.66975	1.3545	1.7385	20.325	37.377	50.821	63.029875	51.037	3.0945	8.914	42.405	2.149	2.868	2.941	2.727	2.9	2.9465	2.741	1.9545	1.8105	2.0685	1.9295	1.995	2.1605	25.321	19.0055	2.0965	7.32
1_9_12_10	155.715	108.9215	61.8775	0	0	18.576	11.142	32.7785	146.159	25.202	162.496	0	6.3335	67.4955	3.471	2.952	48.5635	0	0	0	149.903	37.732	0	11.168	2.232	0	0	7.224	1.95	2.068	1.9565	1.956	2.2285	2.013	2.166	1.669	95.461	100.6395	3.357	1.479	1.8485	1.6555	151.7025	8.1835	5.1315	32.48	15.5425	2.0005	35.9665	106.076	59.544	111.508	4.751	1.8865	175.3885	175.757	2.6455	4.865	2.1465	4.5595	3.326	4.8615	3.4625	2.2135	2.7935	3.69775	1.593	23.284	3.5665	6.2635	4.748	5.579	790.097	317.815	5.588	1.3105	2.848	2.839	2.4145	12.6455	218.1115	1.6245	1.8045	8.7505	3.999	10.1985	11.019	2.5245	143.3815	1.5645	12.251	8.4255	4.3615	16.0985	14.3425	1.489	1.5415	2.041	4.44	6.027	1.9925	1.8815	1.718	23.6915	18.728	1.587	4.421	7.8875	6.1699285714	4.7425	198.4125	129.999	162.7016666667	1.7085	2.0845	10.524	2.361	2.672	27.6749166667	1.8946	1.7985	1.834	150.9175	1.5285	1.723	1.71625	1.7265	18.5645	31.368	7.1715	5.968	1.7415	6.7504	6.4745	5.45	3.6345	4.11125	1.8145	10.0605	1.4155	2.0453333333	17.326	27.2145	44.6655	49.58375	30.84	2.511	9.8415	50.406	2.187	2.9375	2.75	2.8895	2.944	2.8155	2.8895	1.734	1.686	1.768	1.7545	2.1625	2.389	16.5185	21.6545	2.076	5.942
1_9_16_08	119.787	84.3925	51.427	106.5815	0	7.777	9.391	71.6475	83.174	23.697	77.891	0	6.1545	38.8205	1.909	2.0125	21.6545	0	0	0	86.742	28.4765	0	8.8695	1.539	0	0	4.475	1.82	1.8565	1.7515	1.7425	1.9815	1.829	1.967	1.557	38.7555	42.563	2.683	1.4645	1.842	1.6635	93.33	5.4755	3.177	22.561	10.1195	2.0315	10.8835	85.521	53.5265	86.069	27.0055	1.8845	65.4045	65.757	2.06	3.5285	1.903	3.183	2.583	3.4355	2.6235	2.321	2.639	2.9275	1.6005	13.582	2.3165	4.626	2.906	3.439	256.39225	181.941	4.0075	1.27	6.254	16.3395	2.2535	9.777	217.162	1.5805	1.9615	7.1255	3.3075	6.6085	7.2145	1.7255	74.3405	1.4605	3.21	4.831	3.006	5.1135	5.748	1.362	1.5275	2.4065	2.2165	3.08	0	1.8305	1.7415	10.155	10.6955	1.579	3.178	5.099	4.7425	2235.8615000001	91.3315	61.2085	77.0876666667	1.6945	2.0515	6.736	2.4265	2.598	8.3214166667	1.9937	1.742	1.723	97.809	1.611	1.7075	1.68625	1.7125	11.7145	8.1485	4.701	4.7835	1.6535	4.28695	4.156	3.7955	2.801	3.419625	1.7735	6.995	1.401	3.7011666667	11.3335	18.9395	21.8131666667	32.555375	13.4465	2.2995	7.781	25.7835	1.9325	2.6275	2.564	2.5735	2.636	2.5695	2.5745	1.6835	1.65	1.665	1.7445	1.796	1.918	10.727	15.0575	2.042	4.24
2_1_08_06	0	0	0	0	0	2877.488	1302.1005	0	0	1483.3874999999	0	0	90.386	8525.731	1.9835	1.879	0	0	0	0	30220.2450000002	0	0	151.48	1.146	0	0	70.617	0	0	1.9555	1.686	1.917	1.6495	1.917	1.5755	0	0	2.785	1.191	1.4895	1.411	0	4.1865	2.564	15.973	7.595	1.778	2151.4305	0	0	0	0	1.389	4073.8724999999	4084.0385000002	1.8165	2.7655	1308.128	0	0	0	0	1.84	5.9295	0	1.3	320.317	1.633	2.4975	2.031	42.4395	0	0	559.575	1.156	0	0	1.8155	23.467	13976.7885	1.242	1.4085	700.148	4.162	5.7115	6.905	4.151	18916.7385000004	6.768	1274.972	345.0535	489.616	1521.965	846.9654999999	1.2965	1.293	7.6355	45.349	91.108	0	3.471	1.3895	561.7105	362.203	1.341	2.6405	3.615	7.0994285714	5.475	0	7498.7535	0	1.449	1.7615	5.334	2.0405	3.6215	0	1.6495	1.367	1.477	1480.125	1.196	1.4105	1.46825	1.4085	1464.6845	0	98.4085	75.572	589.6805	82.661	85.8625	34.128	1932.1815000001	1316.511875	4.9815	16.5775	1.28	20.0631666667	134.6665	76.694	2870.713	143.077875	1420.0075	34.104	291.0915	1081.8025	1.561	3.102	4.1165	2.6105	3.1255	4.1395	2.5975	1.445	1.43	1.4115	1.426	29.6925	1.7585	8.084	334.8395	1.74	182.0865
2_1_10_14	0	0	0	0	0	893.5435	117.302	0	0	929.923	0	0	64.918	1100.3125	5.422	5.0725	0	0	0	0	0	0	0	41.696	2.5435	0	0	22.15	0	2287.408	4.3835	4.423	4.576	4.512	4.575	3.558	0	0	5.637	1.2295	2.6615	1.4525	0	10.6675	10.79	26.7615	16.9655	1.8855	1433.0815000001	0	0	0	0	1.7265	2172.1735	2167.783	3.5725	6.7005	1102.7875	0	0	0	0	1.9695	6.682	0	1.3285	173.346	4.586	4.318	5.016	21.977	0	0	201.2115	1.169	184.9815	1067.4808333333	3.8425	27.454	8306.6269999999	1.607	1.848	83.7725	12.4355	16.429	13.52	3.829	6174.2384999998	6.5455	1154.584	299.29	394.3425	1164.8545	658.3265	1.5065	1.326	6.425	27.7265	50.381	0	5.652	1.5525	633.0525	394.4515	1.351	7.32	14.119	5.475	2047.3670000001	0	2579.0255	0	1.8055	4.887	11.3375	2.749	5.3865	0	1.6747	5.2645	2.52	504.15	1.2685	2.6675	2.46025	2.663	252.7405	0	73.575	49.9225	783.416	24.29275	23.7235	24.434	1318.8415	1018.492375	8.7685	20.3805	1.277	20.0041666667	56.485	80.3925	1451.0183333334	145.428875	546.965	26.7675	252.276	505.9925	2.0525	5.4545	8.192	3.519	5.4635	8.1895	3.521	3.625	2.658	3.3485	2.806	6.1735	3.747	40.663	76.791	3.3245	51.514
2_1_12_10	0	0	0	0	0	494.2515	669.951	0	0	770.1	0	0	48.68	3862.5475	5.755	4.7685	0	0	0	0	7235.5095	0	0	48.5655	3.0285	0	0	45.1765	0	0	2.6245	2.608	3.7445	2.9615	3.732	2.162	0	0	6.2895	1.218	1.9465	1.4545	0	10.099	11.6915	39.434	20.5205	1.9305	3724.236	0	0	0	1831.5055	1.843	13837.5830000002	13863.401	3.754	7.3885	0	0	0	0	0	2.1555	8.084	0	1.3205	264.159	5.705	6.185	5.5345	26.5895	0	0	381.902	1.187	173.7485	1069.6954166667	3.7715	31.7275	4828.2120000001	1.5375	2.485	233.2895	12.606	13.187	15.8515	4.1335	0	7.1775	2788.8435	496.4985	517.586	4688.98	2407.732	1.5765	1.332	8.6405	38.408	80.0625	0	6.0225	1.863	604.3215	304.6215	1.3985	9.099	16.517	6.2550714286	4.7735	0	0	0	1.4875	4.9805	13.148	4.281	5.6665	0	1.8184	1.415	1.68	681.537	1.353	1.7055	1.792	1.7325	637.7245	0	59.4095	50.158	2563.8395	58.98335	94.6045	108.0105	0	0	6.8735	23.81275	1.259	18.3496666667	69.513	96.742	2755.6443333334	176.262125	2719.909	34.5215	293.122	935.154	2.164	4.9385	6.092	4.0445	4.919	6.061	4.0115	1.737	1.6425	2.703	1.653	8.4205	4.001	20.247	183.3105	1.8315	98.7035
2_1_16_08	0	0	0	0	0	2704.391	899.1385	0	0	4617.312	0	0	426.553	0	3.223	2.862	0	0	0	0	0	0	0	534.614	1.749	0	0	34.871	0	0	2.129	2.0715	3.939	2.107	3.9575	1.7645	0	0	5.9775	1.189	1.67	1.488	0	6.5165	7.124	26.514	12.277	1.8755	2181.4970000001	0	0	0	2369.2135	1.485	18338.7675000002	18348.3155	2.4985	4.116	7124.9110000005	0	0	0	0	2.409	7.341	0	1.338	0	3.5055	5.063	3.529	144.1395	0	0	1028.2215	1.176	100.054	964.02375	10.4115	45.3995	0	1.277	2.7125	21655.1904999998	5.4685	8.817	10.059	3.933	0	7.1475	1364.877	587.774	523.197	1796.698	1250.8375	1.3485	1.3085	31.5815	583.7895	995.8735	0	4.659	1.4665	30617.5009999999	9427.6029999999	1.4575	5.5365	10.612	4.7735	910.4555000001	0	0	0	1.47	3.754	8.569	2.7635	122.2215	0	2.0993	1.3905	1.534	4042.0125	1.5605	1.5595	1.52725	1.4805	1477.883	0	403.7965	2891.1005	2513.7165000001	178.22435	368.12	126.392	0	1922.618625	6.2695	21.063	1.26	26.5105	85.338	97.3525	6394.0323333334	164.677125	0	107.858	416.5995	15880.6924999994	1.7435	3.9915	7.096	2.6865	4.009	7.111	2.7225	1.5425	1.554	1.5145	1.46	12.1245	2.714	12.2105	119.9905	1.81	316.17
2_6_08_06	62.689	37.4675	19.3265	556.628	0	7.431	2.1215	12.8435	17.432	14.9115	37.918	0	1.807	7.9725	2.1515	1.815	8.1435	0	262.407	0	58.0025	10.3345	0	5.9685	2.382	231.8505	126.956	3.5355	1.5485	1.533	1.3785	1.382	1.674	1.485	1.6595	3.092	6.279	6.106	1.8615	1.1505	1.4545	1.273	370.0235	5.4045	4.4285	22.0545	16.6705	1.5245	3.781	30.879	20.0915	34.211	5.059	1.364	85.015	84.726	2.8055	5.141	2.4125	2.678	2.8845	3.7035	2.571	1.691	2.419	2.03025	1.2035	4.858	1.9005	3.0415	2.561	2.9445	91.30075	121.5705	3.1275	1.111	3.782	5.1294166667	1.591	5.2835	124.098	1.1775	1.3915	8.8225	2.994	6.586	10.0765	1.823	36.543	1.692	2.4185	2.777	2.592	2.7635	3.002	1.1685	1.2305	1.9175	2.36	3.155	2.911	1.4005	3.156	4.861	3.5925	1.2535	2.8375	6.3015	5.5629285714	4.2285	46.3785	72.195	38.8441666667	1.2715	1.354	8.5875	1.601	1.748	13.0801666667	1.3693	1.2695	1.3535	52.946	1.096	1.2675	1.27525	1.28	8.2325	3.218	4.8435	2.475	1.3655	2.8406	5.9405	5.953	2.1375	2.570125	1.3465	3.636	1.22	2.4825	9.065	10.39	23.8856666667	17.11275	14.9695	3.426	5.623	9.193	1.5765	1.936	2.063	1.9295	1.9175	2.081	1.926	1.2895	1.33	1.371	1.2825	2.226	1.7385	10.58	9.2025	1.6405	3.481
2_6_10_14	135.6115	97.0105	54.529	1681.2745	591.4175	15.6935	9.3855	26.9825	53.3065	26.4585	109.626	0	3.0735	26.9775	5.4735	4.767	14.161	0	576.772	0	107.2085	40.2995	0	10.4285	5.6395	415.043	1560.5665	9.4425	7.4375	7.525	5.2015	5.2235	4.9615	5.0045	5.059	3.61	16.0095	20.087	8.755	1.3795	3.2555	1.32	2227.9734999998	16.693	30.69	49.052	41.0355	1.6285	18.0505	87.86	55.7395	101.39	6.9755	1.7225	205.795	204.7945	6.0595	15.891	4.838	10.462	9.669	20.2035	9.809	1.858	3.331	11.064	1.225	15.6915	5.9605	5.7835	6.75	4.4355	160.0805	234.875	14.778	1.1235	4.019	5.84675	2.354	12.376	218.676	1.749	2.478	17.7265	7.7985	24.16	26.6195	3.555	70.679	1.907	2.824	4.57	3.715	3.961	5.0605	1.382	1.246	2.316	2.802	4.477	3.14	6.2445	1.5475	5.4585	4.174	1.3475	10.657	19.003	4.2285	610.6564999997	99.872	162.725	110.2521666667	1.74	4.944	22.257	2.3205	5.605	57.8614166667	1.3974	6.198	2.6835	110.998	1.197	4.23	3.18175	3.344	22.2975	4.968	6.9905	2.9785	7.46	7.2897	5.2845	7.2195	7.226	5.1	5.815	6.30075	1.21	2.7036666667	34.253	41.4505	49.4061666667	72.195	44.5765	5.6545	11.2555	12.332	2.7385	4.5275	4.2755	3.9195	4.551	4.3025	3.9835	3.645	3.591	4.9975	3.3075	3.251	3.327	68.26	32.3325	6.883	8.8365
2_6_12_10	135.1605	84.1755	46.4715	998.386	0	20.9845	6.7615	67.182	35.4305	33.1545	92.7205	0	4.093	20.8805	5.401	4.5165	15.079	0	413.1355	0	114.726	29.218	0	13.461	6.7125	346.511	1094.191	9.903	2.6525	2.8545	2.5175	2.5175	4.0135	2.8535	4.055	2.2995	11.793	12.8495	9.8015	1.491	3.8355	1.3305	2133.3280000002	15.2805	32.5615	77.3975	50.33	4.1185	6.9905	80.507	46.574	86.491	7.1735	1.866	228.2675	226.9935	6.1055	17.473	5.767	6.0975	5.681	7.3705	6.584	2.1085	3.8905	4.6395	1.2335	17.5435	7.2255	9.85	8.185	7.9365	176.86825	239.4885	6.2675	1.1155	4.654	6.90625	2.494	17.2875	341.138	1.7595	4.8265	12.453	6.888	18.187	30.939	2.804	71.538	2.137	3.132	4.9195	4.3545	5.059	5.3445	1.5435	1.2535	2.853	3.003	4.6825	4.0765	5.8245	1.8045	7.6365	5.063	1.3815	13.232	23.5505	9.1628571429	6.8005	102.7075	167.397	89.6115	1.291	3.9905	25.899	2.918	4.4615	27.0974166667	3.2424	1.4705	3.5255	137.78	1.3225	1.7775	1.789	1.913	18.925	5.1015	7.522	3.564	2.3075	5.43195	5.6855	7.7585	4.4555	5.9285	2.2175	6.61325	1.234	3.2468333333	25.424	30.244	46.28	52.10525	37.7125	4.7995	11.3475	13.428	2.54	3.76	4.11	3.876	3.6955	4.096	4.875	2.031	1.7675	2.0905	3.429	3.4745	3.59	33.9635	36.32	1.8455	7.198
2_6_16_08	108.9045	71.608	43.433	1085.964	326.93	15.637	4.042	87.04	30.48	28.49	103.5335	0	3.7345	13.9515	3.353	2.9755	10.47	0	371.753	0	112.168	24.1675	0	11.867	4.171	469.9065	1397.329	5.201	1.911	1.8175	1.794	1.7895	2.3725	1.9125	2.3865	1.842	8.078	8.6845	4.36	1.1635	1.6845	3.5165	1792.4154999999	9.07	17.4815	43.3845	28.06	1.5705	5.144	67.345	43.2145	71.622	11.8245	1.4165	126.3045	126.3815	3.9875	9.205	3.015	4.5245	4.755	5.15	4.8135	2.524	3.4345	3.4185	1.2805	11.5635	4.394	6.4875	4.827	4.08	127.58625	141.306	4.3645	1.1135	6.513	9.2971666667	2.115	12.9425	348.593	1.6655	2.0625	12.652	4.751	10.7045	18.238	2.2375	57.7765	1.979	3.002	3.7585	3.294	3.482	3.8835	1.25	1.2265	2.22	3.1865	3.9975	4.6325	2.242	1.456	6.075	4.2925	1.374	5.9755	13.785	6.8005	3775.3760000001	75.3575	185.9995	104.1063333333	1.263	1.537	14.8595	2.0735	2.3275	16.5364166667	1.6764	1.283	2.078	101.254	1.483	1.366	1.40075	1.3395	11.3375	4.1995	7.0665	5.359	1.68	4.20495	3.991	4.265	3.431	3.043375	1.3255	4.92925	1.218	4.6091666667	16.2825	17.697	32.3045	29.339	28.8975	4.3155	8.842	9.921	1.878	2.682	2.6765	2.745	2.6735	2.6705	2.776	1.471	1.531	1.374	1.443	2.5545	2.3475	18.339	23.8255	1.6905	4.7935
2_7_08_06	51.2325	36.047	17.5765	573.6465	111.6095	11.4095	2.843	14.6055	16.3545	16.914	46.6655	0	2.6635	15.436	3.7025	3.256	24.155	0	189.2505	0	49.543	12.0505	3849.5875	5.535	2.7915	256.415	111.9785	4.8995	1.553	1.688	1.49	1.513	3.114	1.5145	3.1475	1.363	7.4585	7.6595	2.038	1.14	1.424	1.2655	348.5789999998	5.743	6.1185	26.35	20.3825	1.5565	5.9515	28.777	17.41	32.247	5.939	3.3765	114.771	115.545	3.306	6.213	2.401	2.606	2.607	4.206	2.616	1.7415	2.559	2.1115	1.2165	6.3165	2.029	3.072	2.7795	3.062	147.282	176.1295	3.117	1.1125	3.9825	6.3225	3.485	9.5735	156.484	1.221	5.621	9.2685	6.067	6.6575	11.723	1.9245	35.645	1.767	2.674	3.1385	2.852	2.9555	3.057	1.162	1.2425	2.042	2.5045	3.226	5.646	1.365	1.3435	4.927	3.8315	1.253	2.971	6.0905	11.3299285714	8.515	90.6775	84.126	48.0281666667	1.267	1.355	10.109	1.653	6.241	15.1131666667	1.376	1.2595	1.4065	60.815	1.0565	1.271	1.31525	1.35	7.6905	3.6545	5.105	2.53	1.329	3.01735	3.011	3.147	2.202	2.388625	2.758	3.78075	1.1815	2.7105	9.894	12.022	19.4308333333	19.471	14.3825	3.909	7.672	10.1865	1.595	2.019	2.191	2.092	2.0145	2.216	2.114	1.278	1.3465	1.3775	1.293	1.961	1.906	10.827	11.742	1.66	3.5905
2_7_10_14	128.0665	113.2065	60.6945	1666.1205	215.4895	22.037	10.0345	32.2345	51.822	38.917	103.5345	0	5.177	48.72	10.284	8.7765	24.8675	0	465.9235	0	80.5395	41.4345	0	11.072	7.887	503.044	704.9805	7.981	7.641	7.773	5.765	5.7875	5.3715	5.7435	5.289	3.55	25.469	24.265	9.29	1.337	3.4075	1.274	1643.3425	17.0995	46.3895	59.0435	57.2555	1.622	20.5705	97.941	60.2965	119.421	6.3195	1.605	269.4695	268.075	6.0765	22.794	4.1185	7.1525	8.516	25.427	10.676	1.954	6.0505	13.2395	1.212	16.851	6.4375	6.1315	7.234	4.6745	228.852	425.6165	15.7565	1.138	3.8975	6.9663333333	2.4515	12.1715	268.8425	3.515	3.6225	22.044	7.348	27.036	32.494	3.9285	70.479	1.99	3.196	5.02	4.1495	4.752	6.3805	1.359	1.2825	2.153	2.9195	4.289	6.633	6.513	1.596	6.509	5.144	1.311	12.0895	25.743	8.515	3762.8204999999	185.0925	179.682	109.5111666667	1.788	5.363	29.525	2.378	6.3125	64.6650833333	1.4169	6.764	3.7165	120.683	1.184	4.872	4.082	3.259	22.0625	6.8675	6.5175	2.984	7.9145	6.23665	5.6385	5.4135	6.703	4.609375	5.7435	6.2755	1.2035	3.024	38.9595	45.349	47.0068333333	78.40375	43.837	6.215	14.7745	12.494	5.4565	4.595	4.645	4.9495	4.6155	4.717	4.937	4.087	3.865	4.318	3.709	3.0985	3.3405	76.391	41.301	8.791	7.2765
2_7_12_10	118.852	79.093	40.854	1174.902	236.051	27.328	8.3075	65.3965	32.8075	47.7060000001	101.006	0	7.1485	28.323	5.791	5.6655	23.9465	0	374.6855	0	97.0105	33.275	0	14.1965	8.973	474.339	363.133	10.301	2.5725	2.5645	2.7135	2.648	4.1585	2.883	4.1685	2.446	13.9935	14.2255	8.281	1.526	2.0965	1.334	1401.0125	16.1385	49.092	94.4915	70.0535	1.8065	8.5245	80.0395	41.5425	78.779	7.9425	1.9645	269.9845	273.0535	6.7245	23.6885	2.764	5.913	5.877	7.6065	6.9945	2.235	3.9395	5.168	1.2215	19.212	7.7435	10.2905	8.1275	4.8935	245.5115	366.337	7.8125	1.1105	4.876	7.46475	2.7435	20.0375	418.2865	1.7335	3.1185	19.0125	6.58	20.531	40.243	2.983	68.043	2.219	3.5825	5.2925	4.234	4.177	5.0005	1.5805	1.268	2.753	3.0695	4.619	22.452	5.941	2.0145	8.214	5.188	1.376	15.1295	31.3265	9.2076428571	6.931	185.9595	192.0965	99.819	1.324	4.6705	34.1585	3.006	4.661	25.1816666667	1.5401	1.4665	2.0375	159.875	1.27	1.7255	1.7565	1.763	17.665	5.694	8.0735	3.4655	2.3415	5.73075	6.167	5.802	4.168	5.39775	3.438	6.6545	1.227	3.541	28.527	33.333	38.9488333333	58.517	33.695	5.53	14.409	16.194	2.64	3.9235	4.1375	4.0195	3.8835	4.1155	4.029	1.8565	1.794	1.9525	1.788	2.8925	3.2545	35.905	45.8495	2.0345	8.3615
2_7_16_08	103.837	66.072	37.642	1253.3565	390.7345	23.7155	5.1015	57.6655	28.052	48.4955	100.246	0	5.748	25.0105	5.6925	4.6395	30.5675	0	410.922	0	86.476	23.3685	0	11.573	4.9835	530.2195	414.4835	5.709	2.002	2.1655	1.92	1.9205	2.4945	1.9335	2.421	1.8175	11.5645	10.9905	4.9835	1.1565	1.5905	1.365	834.2315	9.5365	27.8465	53.7415	36.786	1.658	5.929	64.4515	38.5525	68.2735	13.82	1.532	146.6345000001	146.1325	6.06	12.5185	3.3875	5.4265	3.2635	5.0945	4.357	2.8885	3.435	3.7055	1.2715	13.356	4.416	7.425	4.785	4.0055	248.24125	258.1625	4.165	1.1165	6.892	9.6710833333	2.1995	10.3515	453.3795	1.2755	1.6235	11.684	4.759	11.628	22.135	2.2865	63.973	2.083	3.1295	4.2965	3.9395	3.767	4.0385	1.2935	1.246	2.4515	3.396	4.3375	48.3945	2.423	1.4335	7.495	4.965	1.3505	7.5555	16.891	6.931	1927.2125	166.3795	179.0885	98.3658333333	1.332	3.883	19.473	2.1565	2.541	19.6415833333	1.8139	1.2715	1.5735	114.169	1.572	1.447	1.4745	1.4	11.844	4.604	7.3445	4.1315	1.636	4.34525	7.023	4.35	3.694	3.55025	1.2935	5.4305	1.25	5.4103333333	18.539	20.9405	29.6626666667	33.67075	21.2345	4.779	11.806	10.8505	2.002	2.894	2.8125	2.7575	2.903	2.836	2.76	1.4675	1.6135	1.511	1.534	4.0065	2.4215	19.0025	25.8945	1.743	4.858
2_8_08_06	176.568	85.342	46.14	934.771	0	22.599	4.161	31.759	55.046	30.0015	106.929	0	4.844	29.743	4.5935	3.1785	43.7795	0	853.0035	0	140.1325	20.2085	0	14.2785	3.847	1499.441	456.4585	5.1605	1.544	1.699	1.546	1.5795	1.8265	1.57	1.8345	1.4915	13.384	13.1965	2.1005	1.1675	1.4315	1.2665	1247.5299999996	6.014	6.1915	32.348	24.2925	1.5365	6.8065	71.573	54.2455	86.646	10.6125	1.306	257.0655	255.9945	6.787	7.6555	2.788	3.6965	3.595	5.4965	3.556	1.845	2.7235	2.50925	1.2075	8.722	2.0045	3.8695	2.964	4.19	479.00725	594.067	4.377	1.133	6.171	10.6381666667	1.6925	8.883	315.923	1.1945	1.3995	16.327	3.8695	7.7535	14.778	2.168	98.207	1.9075	3.752	4.6745	3.9	4.456	4.8475	3.2655	1.2355	2.175	3.2545	5.424	11.3975	1.422	1.336	10.0725	6.825	1.256	3.7805	7.2445	2.7552142857	2.293	245.246	224.206	110.9891666667	1.297	1.358	11.895	1.7195	1.775	40.0903333333	1.3848	1.296	1.469	125.127	1.0685	1.2885	1.70725	1.753	14.6855	6.0845	8.5655	3.6285	1.827	4.94955	4.37	4.672	3.0875	3.120875	1.315	6.44875	1.189	3.9075	15.0975	17.515	63.1648333333	29.429375	40.5685	5.9805	12.07	10.3795	1.646	2.249	2.172	2.1195	2.2065	2.15	2.127	1.305	1.324	1.335	1.3305	2.506	2.176	12.961	20.0815	1.657	6.168
2_8_10_14	334.4445	223.7255	128.7615	5735.383	0	45.9505	17.6915	63.579	153.459	42.582	288.0525	0	8.8615	53.7135	9.1805	7.696	68.6885	0	1445.127	0	268.057	67.6945	0	22.9735	8.6335	1977.833	6350.2155	12.6535	8.832	8.643	6.105	6.162	6.18	6.1165	6.2365	3.7835	40.5155	40.457	9.7385	1.397	3.601	1.285	6485.1485000005	18.181	47.595	68.115	62.529	1.679	26.283	194.914	122.8995	238.3195	12.0995	1.7255	583.427	583.6625	8.825	22.876	6.2955	12.767	11.708	20.1215	12.7385	1.978	3.914	13.54025	1.217	26.8265	7.0155	8.033	8.225	7.4255	577.94375	1999.9239999999	20.3635	1.139	6.7535	13.16475	2.751	19.5455	496.496	1.78	6.229	36.267	11.0085	28.874	37.0275	4.5445	166.487	2.122	4.5985	8.3755	5.9915	7.7395	8.264	1.372	1.2765	2.6495	4.342	7.9445	17.1995	7.1525	1.606	12.029	8.712	1.3495	14.029	27.753	2.293	31.5265	478.548	526.3265	275.8188333333	1.6155	5.3335	31.088	2.508	5.852	150.7585	1.4324	7.27	3.1625	251.1355	1.1935	4.2615	3.419	3.335	35.284	10.4685	12.0475	4.5775	8.1295	8.76705	8.7725	9.222	8.791	6.051	6.013	10.5775	1.1955	4.4158333333	52.237	66.2985	127.2423333333	118.702625	113.0115	9.5745	23.0365	19.7335	3.0215	4.5215	4.8195	4.572	4.4655	4.8505	4.555	3.84	3.7215	4.5755	3.7385	3.9705	4.271	81.2515	68.8255	13.919	12.2445
2_8_12_10	319.2695	165.7655	84.942	2517.671	0	57.691	13.0055	207.567	115.7905	52.8345	238.8425	0	12.0835	41.9815	9.204	7.6435	71.4215	0	1262.4655	0	287.3715	51.267	0	25.271	10.16	1573.4285	3031.289	13.0575	3.069	2.806	3.086	3.139	4.5025	3.1575	4.4985	2.6745	24.5175	24.1605	8.866	1.567	2.1655	1.33	4578.5610000005	16.8705	52.2795	105.2395	74.9965	1.778	11.7455	160.7875	97.7765	160.368	14.6325	1.948	541.365	536.972	9.348	25.6295	3.8885	8.0265	7.628	11.106	8.9715	2.3065	5.295	5.79475	1.232	28.9955	8.398	11.8785	9.3995	8.2535	652.95925	1485.8945	8.84	1.1385	8.1295	15.3955833333	3.0485	25.7735	743.305	3.434	3.466	30.058	9.8605	21.498	43.8145	3.399	175.096	2.412	5.573	8.9515	6.184	9.146	8.7205	1.584	1.264	3.4585	6.7895	7.996	64.6435	6.7225	1.9635	13.8065	15.7395	1.339	17.26	33.085	3.6497857143	3.238	474.218	487.335	232.4956666667	1.324	4.2555	35.573	3.2125	5.04	68.3196666667	1.9078	1.55	2.0065	319.29	1.297	1.8425	1.85	1.81	30.0665	9.88	13.247	5.465	2.7105	8.85175	9.638	9.737	6.5225	4.120375	2.4425	11.13575	1.2195	5.1936666667	38.022	48.6965	114.5195	86.46325	87.672	9.9905	23.852	21.9145	2.8365	5.8995	4.34	3.843	5.893	4.273	3.851	1.974	1.8335	2.053	1.849	4.2915	4.4555	39.2065	70.5265	1.9915	9.627
2_8_16_08	263.7305	147.0375	86.0105	3243.337	0	46.008	7.3245	439.622	107.9015	46.3335	275.575	0	11.141	41.8295	6.6165	6.8465	67.4765	0	1157.9065	0	265.3035	42.0985	0	23.578	5.8555	1725.6965	3556.062	7.7795	2.2105	2.068	2.166	2.156	2.6895	2.1035	2.6975	1.9845	18.8115	18.9445	5.22	1.168	1.696	3.795	4920.8875000005	10.1635	28.742	61.58	42.6535	1.6505	9.1835	158.2985	96.41	159.106	23.981	1.4835	335.861	334.8505	6.1745	13.219	3.403	6.33	6.115	7.3185	5.918	2.906	3.962	3.858	1.3045	19.5795	4.912	7.786	5.639	5.939	753.6185	889.5555	6.295	1.121	11.5695	20.3541666667	4.031	18.879	762.006	1.271	1.7995	24.211	5.609	12.8405	26.141	3.2835	152.2585	2.1885	4.4385	6.1805	5.051	5.707	6.7265	1.295	1.2355	2.7395	4.802	6.854	257.6085000001	2.509	1.4855	12.0715	8.4195	1.369	8.322	19.0825	3.238	209.1655	482.3485	641.4665	288.2733333333	1.2905	1.564	21.5965	2.173	2.6645	47.4784166667	1.8676	1.273	1.572	229.2085	1.4905	1.53	1.38825	1.6095	20.1525	7.7345	12.697	4.576	1.7445	6.59245	9.4695	6.5735	4.1	4.137125	1.2975	10.36425	1.203	7.5491666667	25.5545	30.1295	86.6885	50.255625	65.479	7.701	18.152	18.086	2.109	2.755	3.0085	2.9295	2.746	2.987	2.9115	1.5325	1.4725	1.489	1.532	3.2375	3.046	21.4275	47.834	1.754	7.1505
2_9_08_06	11.3155	13.1505	22.882	7.696	103.283	1.098	2.7365	4.376	3.195	10.267	7.0785	0	0.695	4.155	0.935	0.9995	1.497	30.7465	19.0135	30.92	8.7765	11.969	17.184	1.768	1.0195	19.8905	3.385	2.6325	1.6215	1.6755	1.5925	1.572	3.558	1.6045	3.551	1.4945	3.224	3.1305	1.681	1.218	1.5945	1.4675	5.064	4.7615	2.6545	12.9055	8.1355	1.7645	2.4795	11.275	5.4295	12.215	0	1.9275	11.26	9.049	1.8575	3.0495	1.66	1.7155	1.666	2.1105	1.6825	1.9935	2.296	2.3995	1.418	5.1795	1.7995	2.5505	2.1445	2.001	19.055	6.2625	2.108	1.209	2.496	2.8800833333	4.312	3.725	61.45	1.3125	1.501	2.5055	2.6715	5.201	5.2815	1.4455	8.302	1.269	1.577	1.903	1.575	1.671	1.8605	1.386	1.3685	1.621	4.7325	1.979	1.4725	1.6005	1.449	2.1485	1.849	1.3695	2.472	3.658	4.8649285714	4.1215	6.1485	7.389	6.4381666667	1.4955	1.555	4.982	1.931	2.104	3.9575833333	1.6085	1.443	1.492	23.041	1.2255	1.4815	1.50425	1.495	4.152	1.963	2.866	1.961	1.4625	1.87245	4.411	2.0145	1.5545	1.52775	1.436	2.111	1.3205	1.6481666667	6.254	9.511	4.6805	14.366125	3.6465	1.8505	6.068	5.137	1.6895	2.1895	2.2685	2.2515	2.1915	2.26	2.25	1.449	1.4525	1.488	1.489	1.5735	1.715	7.8985	6.588	1.812	2.4015
2_9_10_14	29.603	51.202	18.609	31.766	154.5655	2.324	7.3935	9.856	14.9355	13.94	24.2685	0	1.043	12.2165	2.5995	2.5055	3.4145	120.828	55.741	121.6115	12.613	33.972	68.4185	3.7715	2.387	51.857	8.571	5.7725	5.7025	6.046	4.5225	4.486	4.262	4.316	4.279	3.2025	9.7545	8.77	6.0825	1.286	3.1815	1.5085	8.4845	11.6405	11.614	24.8135	17.768	1.7885	8.65	32.3345	17.8495	45.5075	3.071	1.8595	21.6985	21.7425	2.9485	7.8925	3.1065	5.466	4.4805	6.1305	5.875	2.1045	2.729	11.51	1.4175	10.426	4.809	4.9585	5.614	2.7505	37.7895	17.807	8.2825	1.2185	2.766	2.8726666667	2.0655	7.0335	90.211	2.823	2.2515	4.763	4.89	16.3445	13.435	2.877	20.416	1.5545	1.6435	2.4235	2.094	2.2035	2.6005	1.5725	1.418	1.876	1.9405	5.491	1.5795	5.242	1.669	2.1545	2.499	1.411	7.039	12.288	4.1215	198.4125	12.831	16.678	23.2761666667	1.6205	4.1495	11.5695	2.4135	4.325	14.5080833333	1.6571	5.847	2.7985	45.103	1.375	3.0985	3.178	2.995	12.3915	3.027	8.214	2.034	6.042	2.5669	2.7945	3.027	3.568	2.71275	4.5535	3.33975	1.328	1.7983333333	19.994	24.3825	13.4128333333	38.450375	9.81	2.839	5.1365	10.2565	2.3575	3.859	3.671	3.31	3.8655	3.731	3.3575	3.292	4.322	3.907	3.3155	2.1175	2.5275	44.1435	16.228	3.181	4.2805
2_9_12_10	45.93	43.6645	16.6155	19.2385	194.8635	3.39	6.3415	22.2395	8.6865	17.684	21.0755	0	1.6435	9.49	2.557	2.327	4.0895	94.7055	52.803	95.6545	15.423	26.006	53.3795	6.1835	2.745	72.002	8.0255	6.5555	2.179	2.1505	2.3105	2.3115	3.525	2.2845	3.539	2.413	5.716	5.4295	5.2055	1.252	2.2415	1.518	8.141	11.1545	12.4035	38.445	21.6535	1.9395	3.801	45.6725	17.1535	43.3245	4.1695	1.875	19.699	19.67	3.165	10.212	1.8075	3.3375	2.882	5.531	4.604	2.2935	3.032	5.227	1.423	11.428	5.9385	6.8835	6.302	4.1445	40.515	14.1645	4.1405	1.207	2.9125	2.95875	2.431	13.872	126.6565	1.6345	1.761	4.031	4.912	12.897	16.2965	2.1425	21.61	1.592	1.8475	2.7845	2.3235	2.2415	2.6915	1.62	1.386	2.105	2.0615	2.4215	1.756	5.1035	1.986	3.6135	2.3155	1.464	8.2245	13.917	4.0221428571	3.3005	16.8835	20.09	20.9895	1.565	1.83	13.9155	2.69	4.09	5.2526666667	1.7292	1.4535	1.8735	53.988	1.456	1.9985	1.92475	2.027	8.7815	2.8585	3.8035	2.3225	2.064	2.8861	3.744	3.3765	2.665	1.705125	1.4375	6.22675	1.33	2.1095	15.5215	19.1135	9.6185	31.031	10.7355	2.496	5.4195	12.2295	2.3405	3.3945	3.5985	3.056	3.379	3.572	3.0445	1.8895	1.88	1.8765	1.7425	2.035	2.5765	22.205	19.1225	2.0285	6.3775
2_9_16_08	27.25	37.405	14.403	14.588	201.966	2.4885	5.6635	19.6845	7.0555	59.2485	16.653	0	1.4115	6.9955	1.4175	1.4615	2.9965	79.8495	40.147	79.5145	14.1735	20.707	32.1525	4.6025	1.6155	49.773	7.3475	3.896	1.7755	1.841	1.795	1.7775	1.9455	1.737	1.947	1.94	10.051	3.989	3.414	1.2325	1.979	1.5605	12.699	7.1815	6.9	23.271	13.556	1.896	6.039	28.3405	12.6355	35.4885	5.845	1.571	12.1945	12.1615	2.334	4.7755	1.992	4.498	2.397	3.0175	1.9425	2.478	2.6915	4.524	1.4435	8.585	3.652	5.1465	3.9495	5.608	31.9885	10.6625	4.04	1.216	3.3925	3.0841666667	2.23	10.179	128.0755	1.3925	1.6225	2.5705	3.591	8.3105	9.399	1.958	14.6095	1.4375	1.7975	5.06	2.0075	1.9535	2.0485	1.4295	1.351	1.9055	2.045	2.2805	2.0615	1.767	1.477	2.628	4.8385	1.4415	3.877	8.126	3.3005	91.3315	11.881	11.677	16.4841666667	1.5055	1.7365	8.8905	2.1885	2.5195	4.1146666667	1.9331	1.441	1.5835	39.4625	1.591	1.563	1.5675	3.4555	6.2425	2.2645	3.58	2.344	1.4925	2.3406	2.6975	2.55	2.2625	3.431	1.4065	5.727	1.32	2.5575	10.951	13.3595	6.8661666667	21.121875	5.7425	2.2855	4.546	8.5775	1.9505	2.683	2.665	2.697	2.6985	2.6625	2.704	1.685	1.5435	1.612	1.564	3.605	2.114	12.4135	14.2885	1.84	2.987
